2025-11-02 01:00:21,606 | INFO | fastapi-calculator | GET / -> 200 in 2.76ms
2025-11-02 01:00:21,691 | INFO | fastapi-calculator | GET /static/script.js -> 200 in 44.60ms
2025-11-02 01:00:21,809 | INFO | fastapi-calculator | GET /favicon.ico -> 404 in 0.68ms
2025-11-02 01:00:27,838 | INFO | fastapi-calculator | Add: 1.0 + 1.0 = 2.0
2025-11-02 01:00:27,839 | INFO | fastapi-calculator | POST /add -> 200 in 1.98ms
2025-11-02 01:00:33,656 | INFO | fastapi-calculator | Subtract: 1.0 - 1.0 = 0.0
2025-11-02 01:00:33,656 | INFO | fastapi-calculator | POST /subtract -> 200 in 1.36ms
2025-11-02 01:00:35,346 | INFO | fastapi-calculator | Multiply: 1.0 * 1.0 = 1.0
2025-11-02 01:00:35,346 | INFO | fastapi-calculator | POST /multiply -> 200 in 1.04ms
2025-11-02 01:00:39,312 | INFO | fastapi-calculator | Multiply: 2.0 * 1.0 = 2.0
2025-11-02 01:00:39,313 | INFO | fastapi-calculator | POST /multiply -> 200 in 1.64ms
2025-11-02 01:00:42,686 | INFO | fastapi-calculator | Multiply: 0.0 * 1.0 = 0.0
2025-11-02 01:00:42,687 | INFO | fastapi-calculator | POST /multiply -> 200 in 0.87ms
2025-11-02 01:00:45,829 | INFO | fastapi-calculator | Multiply: 1230.0 * 1.0 = 1230.0
2025-11-02 01:00:45,830 | INFO | fastapi-calculator | POST /multiply -> 200 in 1.12ms
2025-11-02 01:00:46,984 | INFO | fastapi-calculator | Multiply: 1230.0 * 11.0 = 13530.0
2025-11-02 01:00:46,985 | INFO | fastapi-calculator | POST /multiply -> 200 in 0.76ms
2025-11-02 01:00:50,787 | INFO | fastapi-calculator | Divide: 0.0 / 11.0 = 0.0
2025-11-02 01:00:50,788 | INFO | fastapi-calculator | POST /divide -> 200 in 1.29ms
2025-11-02 01:00:55,627 | INFO | fastapi-calculator | Divide: 0.0 / 1.0 = 0.0
2025-11-02 01:00:55,627 | INFO | fastapi-calculator | POST /divide -> 200 in 1.25ms
2025-11-02 01:00:57,086 | INFO | fastapi-calculator | Divide: 0.0 / 1.0 = 0.0
2025-11-02 01:00:57,087 | INFO | fastapi-calculator | POST /divide -> 200 in 1.41ms
2025-11-02 01:05:59,003 | INFO | fastapi-calculator | GET /health -> 200 in 0.32ms
2025-11-02 01:05:59,023 | INFO | fastapi-calculator | Add: 2.0 + 3.0 = 5.0
2025-11-02 01:05:59,023 | INFO | fastapi-calculator | POST /add -> 200 in 0.96ms
2025-11-02 01:05:59,038 | INFO | fastapi-calculator | Subtract: 5.0 - 2.0 = 3.0
2025-11-02 01:05:59,038 | INFO | fastapi-calculator | POST /subtract -> 200 in 0.55ms
2025-11-02 01:05:59,053 | INFO | fastapi-calculator | Multiply: 3.0 * 4.0 = 12.0
2025-11-02 01:05:59,054 | INFO | fastapi-calculator | POST /multiply -> 200 in 0.58ms
2025-11-02 01:05:59,057 | INFO | fastapi-calculator | Divide: 8.0 / 4.0 = 2.0
2025-11-02 01:05:59,058 | INFO | fastapi-calculator | POST /divide -> 200 in 0.46ms
2025-11-02 01:05:59,060 | WARNING | fastapi-calculator | Divide by zero: a=1.0 b=0.0
2025-11-02 01:05:59,061 | INFO | fastapi-calculator | POST /divide -> 400 in 0.45ms
2025-11-02 01:06:27,274 | INFO | fastapi-calculator | GET / -> 200 in 2.79ms
2025-11-02 01:06:27,354 | INFO | fastapi-calculator | GET /static/script.js -> 304 in 39.94ms
2025-11-02 01:06:30,433 | INFO | fastapi-calculator | Add: 1.0 + 1.0 = 2.0
2025-11-02 01:06:30,433 | INFO | fastapi-calculator | POST /add -> 200 in 2.34ms
2025-11-02 01:06:31,025 | INFO | fastapi-calculator | Subtract: 1.0 - 1.0 = 0.0
2025-11-02 01:06:31,026 | INFO | fastapi-calculator | POST /subtract -> 200 in 1.29ms
2025-11-02 01:06:31,817 | INFO | fastapi-calculator | Add: 1.0 + 1.0 = 2.0
2025-11-02 01:06:31,818 | INFO | fastapi-calculator | POST /add -> 200 in 1.41ms
2025-11-02 01:06:32,249 | INFO | fastapi-calculator | Subtract: 1.0 - 1.0 = 0.0
2025-11-02 01:06:32,250 | INFO | fastapi-calculator | POST /subtract -> 200 in 1.30ms
2025-11-02 01:06:33,809 | INFO | fastapi-calculator | Multiply: 1.0 * 1.0 = 1.0
2025-11-02 01:06:33,810 | INFO | fastapi-calculator | POST /multiply -> 200 in 1.19ms
2025-11-02 01:06:34,601 | INFO | fastapi-calculator | Divide: 1.0 / 1.0 = 1.0
2025-11-02 01:06:34,602 | INFO | fastapi-calculator | POST /divide -> 200 in 0.98ms
2025-11-02 01:07:21,861 | INFO | fastapi-calculator | GET /.well-known/appspecific/com.chrome.devtools.json -> 404 in 0.31ms
2025-11-02 01:09:44,011 | INFO | fastapi-calculator | GET / -> 200 in 2.38ms
2025-11-02 01:09:44,058 | INFO | fastapi-calculator | GET /static/script.js -> 304 in 34.95ms
2025-11-02 01:09:49,009 | INFO | fastapi-calculator | Add: 5.0 + 5.0 = 10.0
2025-11-02 01:09:49,009 | INFO | fastapi-calculator | POST /add -> 200 in 2.31ms
2025-11-02 01:09:50,142 | INFO | fastapi-calculator | Subtract: 5.0 - 5.0 = 0.0
2025-11-02 01:09:50,142 | INFO | fastapi-calculator | POST /subtract -> 200 in 0.80ms
2025-11-02 01:09:50,923 | INFO | fastapi-calculator | Multiply: 5.0 * 5.0 = 25.0
2025-11-02 01:09:50,923 | INFO | fastapi-calculator | POST /multiply -> 200 in 0.82ms
2025-11-02 01:09:51,431 | INFO | fastapi-calculator | Divide: 5.0 / 5.0 = 1.0
2025-11-02 01:09:51,431 | INFO | fastapi-calculator | POST /divide -> 200 in 0.94ms
2025-11-02 01:09:52,563 | INFO | fastapi-calculator | Add: 5.0 + 5.0 = 10.0
2025-11-02 01:09:52,564 | INFO | fastapi-calculator | POST /add -> 200 in 0.81ms
2025-11-02 01:09:54,678 | INFO | fastapi-calculator | GET / -> 200 in 0.70ms
2025-11-02 01:09:56,244 | INFO | fastapi-calculator | GET / -> 200 in 0.84ms
2025-11-02 01:09:56,891 | INFO | fastapi-calculator | GET / -> 200 in 0.64ms
2025-11-02 01:09:57,357 | INFO | fastapi-calculator | GET / -> 200 in 0.42ms
2025-11-02 01:09:57,778 | INFO | fastapi-calculator | GET / -> 200 in 0.51ms
2025-11-02 01:09:58,136 | INFO | fastapi-calculator | GET / -> 200 in 0.61ms
2025-11-02 01:10:06,774 | INFO | fastapi-calculator | GET / -> 200 in 0.44ms
2025-11-02 01:10:06,783 | INFO | fastapi-calculator | GET /static/script.js -> 200 in 1.29ms
2025-11-02 01:10:06,889 | INFO | fastapi-calculator | Add: 10.0 + 4.0 = 14.0
2025-11-02 01:10:06,890 | INFO | fastapi-calculator | POST /add -> 200 in 1.79ms
2025-11-02 01:10:06,938 | INFO | fastapi-calculator | Subtract: 10.0 - 4.0 = 6.0
2025-11-02 01:10:06,938 | INFO | fastapi-calculator | POST /subtract -> 200 in 1.37ms
2025-11-02 01:10:06,986 | INFO | fastapi-calculator | Multiply: 10.0 * 4.0 = 40.0
2025-11-02 01:10:06,986 | INFO | fastapi-calculator | POST /multiply -> 200 in 0.74ms
2025-11-02 01:10:07,119 | INFO | fastapi-calculator | Divide: 10.0 / 4.0 = 2.5
2025-11-02 01:10:07,119 | INFO | fastapi-calculator | POST /divide -> 200 in 2.29ms
2025-11-02 01:12:06,847 | INFO | fastapi-calculator | GET / -> 200 in 3.01ms
2025-11-02 01:12:06,897 | INFO | fastapi-calculator | GET /static/script.js -> 304 in 34.79ms
2025-11-02 01:12:21,341 | INFO | fastapi-calculator | GET /.well-known/appspecific/com.chrome.devtools.json -> 404 in 0.28ms
2025-11-02 01:12:30,120 | INFO | fastapi-calculator | Subtract: 3.0 - 12.0 = -9.0
2025-11-02 01:12:30,121 | INFO | fastapi-calculator | POST /subtract -> 200 in 1.65ms
2025-11-02 01:12:31,130 | INFO | fastapi-calculator | Multiply: 3.0 * 12.0 = 36.0
2025-11-02 01:12:31,130 | INFO | fastapi-calculator | POST /multiply -> 200 in 1.43ms
2025-11-02 01:17:50,932 | INFO | fastapi-calculator | GET / -> 200 in 0.53ms
2025-11-02 01:17:50,963 | INFO | fastapi-calculator | GET /static/script.js -> 304 in 1.57ms
2025-11-02 01:17:53,713 | INFO | fastapi-calculator | Add: 4.0 + 4.0 = 8.0
2025-11-02 01:17:53,714 | INFO | fastapi-calculator | POST /add -> 200 in 1.19ms
2025-11-02 01:17:54,245 | INFO | fastapi-calculator | Subtract: 4.0 - 4.0 = 0.0
2025-11-02 01:17:54,246 | INFO | fastapi-calculator | POST /subtract -> 200 in 1.67ms
2025-11-02 01:17:54,683 | INFO | fastapi-calculator | Multiply: 4.0 * 4.0 = 16.0
2025-11-02 01:17:54,684 | INFO | fastapi-calculator | POST /multiply -> 200 in 1.75ms
2025-11-02 01:17:55,714 | INFO | fastapi-calculator | Divide: 4.0 / 4.0 = 1.0
2025-11-02 01:17:55,715 | INFO | fastapi-calculator | POST /divide -> 200 in 1.68ms
2025-11-02 01:18:28,170 | INFO | fastapi-calculator | GET /health -> 200 in 0.35ms
2025-11-02 01:18:28,202 | INFO | fastapi-calculator | Add: 2.0 + 3.0 = 5.0
2025-11-02 01:18:28,202 | INFO | fastapi-calculator | POST /add -> 200 in 1.18ms
2025-11-02 01:18:28,206 | INFO | fastapi-calculator | Subtract: 5.0 - 2.0 = 3.0
2025-11-02 01:18:28,206 | INFO | fastapi-calculator | POST /subtract -> 200 in 0.66ms
2025-11-02 01:18:28,210 | INFO | fastapi-calculator | Multiply: 3.0 * 4.0 = 12.0
2025-11-02 01:18:28,210 | INFO | fastapi-calculator | POST /multiply -> 200 in 0.51ms
2025-11-02 01:18:28,213 | INFO | fastapi-calculator | Divide: 8.0 / 4.0 = 2.0
2025-11-02 01:18:28,213 | INFO | fastapi-calculator | POST /divide -> 200 in 0.47ms
2025-11-02 01:18:28,215 | WARNING | fastapi-calculator | Divide by zero: a=1.0 b=0.0
2025-11-02 01:18:28,216 | INFO | fastapi-calculator | POST /divide -> 400 in 0.46ms
2025-11-02 01:18:42,939 | INFO | fastapi-calculator | GET / -> 200 in 1.97ms
2025-11-02 01:18:45,017 | INFO | fastapi-calculator | Add: 13.0 + 31.0 = 44.0
2025-11-02 01:18:45,018 | INFO | fastapi-calculator | POST /add -> 200 in 2.91ms
2025-11-02 01:18:45,432 | INFO | fastapi-calculator | Subtract: 13.0 - 31.0 = -18.0
2025-11-02 01:18:45,432 | INFO | fastapi-calculator | POST /subtract -> 200 in 0.84ms
2025-11-02 01:18:45,679 | INFO | fastapi-calculator | Multiply: 13.0 * 31.0 = 403.0
2025-11-02 01:18:45,680 | INFO | fastapi-calculator | POST /multiply -> 200 in 1.31ms
2025-11-02 01:18:45,892 | INFO | fastapi-calculator | Divide: 13.0 / 31.0 = 0.41935483870967744
2025-11-02 01:18:45,893 | INFO | fastapi-calculator | POST /divide -> 200 in 1.41ms
2025-11-02 01:18:46,746 | INFO | fastapi-calculator | Multiply: 13.0 * 31.0 = 403.0
2025-11-02 01:18:46,746 | INFO | fastapi-calculator | POST /multiply -> 200 in 1.04ms
2025-11-02 01:18:47,158 | INFO | fastapi-calculator | Subtract: 13.0 - 31.0 = -18.0
2025-11-02 01:18:47,159 | INFO | fastapi-calculator | POST /subtract -> 200 in 1.05ms
2025-11-02 01:18:48,069 | INFO | fastapi-calculator | Add: 13.0 + 31.0 = 44.0
2025-11-02 01:18:48,070 | INFO | fastapi-calculator | POST /add -> 200 in 1.08ms
2025-11-02 01:19:08,760 | INFO | fastapi-calculator | GET / -> 200 in 1.34ms
2025-11-02 01:19:08,800 | INFO | fastapi-calculator | GET /static/script.js -> 200 in 32.90ms
2025-11-02 01:19:08,882 | INFO | fastapi-calculator | Add: 10.0 + 4.0 = 14.0
2025-11-02 01:19:08,883 | INFO | fastapi-calculator | POST /add -> 200 in 0.90ms
2025-11-02 01:19:09,031 | INFO | fastapi-calculator | Subtract: 10.0 - 4.0 = 6.0
2025-11-02 01:19:09,031 | INFO | fastapi-calculator | POST /subtract -> 200 in 1.32ms
2025-11-02 01:19:09,162 | INFO | fastapi-calculator | Multiply: 10.0 * 4.0 = 40.0
2025-11-02 01:19:09,163 | INFO | fastapi-calculator | POST /multiply -> 200 in 1.08ms
2025-11-02 01:19:09,319 | INFO | fastapi-calculator | Divide: 10.0 / 4.0 = 2.5
2025-11-02 01:19:09,320 | INFO | fastapi-calculator | POST /divide -> 200 in 1.67ms
2025-11-02 01:25:04,933 | INFO | fastapi-calculator | GET /add -> 405 in 0.35ms
2025-11-02 01:25:13,440 | INFO | fastapi-calculator | GET /add -> 405 in 0.50ms
2025-11-02 01:25:17,896 | INFO | fastapi-calculator | GET /subtract -> 405 in 0.47ms
2025-11-02 01:25:55,780 | INFO | fastapi-calculator | GET /subtract -> 405 in 0.51ms
2025-11-02 01:26:19,126 | INFO | fastapi-calculator | GET /health -> 200 in 0.42ms
2025-11-02 01:26:32,505 | INFO | fastapi-calculator | GET /add -> 405 in 0.25ms
2025-11-02 01:26:39,367 | INFO | fastapi-calculator | GET /multiply -> 405 in 0.29ms
2025-11-02 01:27:57,270 | INFO | fastapi-calculator | GET /health -> 200 in 0.60ms
2025-11-02 01:29:25,783 | INFO | fastapi-calculator | GET /docs -> 200 in 0.28ms
2025-11-02 01:29:26,030 | INFO | fastapi-calculator | GET /openapi.json -> 200 in 5.66ms
2025-12-01 22:37:59,716 | INFO | fastapi-calculator | GET / -> 200 in 5.57ms
2025-12-01 22:37:59,779 | INFO | fastapi-calculator | GET / -> 200 in 1.99ms
2025-12-01 22:38:06,698 | INFO | fastapi-calculator | GET / -> 200 in 0.75ms
2025-12-01 22:38:07,582 | INFO | fastapi-calculator | GET / -> 200 in 0.67ms
2025-12-01 22:38:12,022 | INFO | fastapi-calculator | GET /register -> 200 in 47.99ms
2025-12-01 22:38:12,146 | INFO | fastapi-calculator | GET /static/styles.css -> 200 in 81.10ms
2025-12-01 22:38:12,148 | INFO | fastapi-calculator | GET /static/auth.js -> 200 in 81.97ms
2025-12-01 22:38:20,994 | INFO | fastapi-calculator | POST /register -> ERR in 30.21ms
2025-12-01 22:40:39,180 | INFO | fastapi-calculator | GET /register -> 200 in 7.17ms
2025-12-01 22:40:48,956 | INFO | fastapi-calculator | POST /register -> 201 in 117.05ms
2025-12-01 22:40:53,628 | INFO | fastapi-calculator | GET /login -> 200 in 37.05ms
2025-12-01 22:40:58,915 | INFO | fastapi-calculator | POST /login -> 422 in 3.78ms
2025-12-01 22:41:01,640 | INFO | fastapi-calculator | POST /login -> 422 in 2.72ms
2025-12-01 22:41:08,649 | INFO | fastapi-calculator | POST /login -> 422 in 2.71ms
2025-12-01 22:45:13,145 | INFO | fastapi-calculator | GET /docs -> 200 in 1.19ms
2025-12-01 22:45:13,326 | INFO | fastapi-calculator | GET /openapi.json -> 200 in 34.62ms
2025-12-01 22:45:43,008 | INFO | fastapi-calculator | POST /login -> 401 in 33.01ms
2025-12-01 22:45:49,856 | INFO | fastapi-calculator | POST /login -> 401 in 11.96ms
2025-12-01 22:45:51,948 | INFO | fastapi-calculator | POST /login -> 401 in 8.96ms
2025-12-01 22:45:58,704 | INFO | fastapi-calculator | GET / -> 200 in 5.43ms
2025-12-01 22:46:05,724 | INFO | fastapi-calculator | GET /login -> 200 in 1.79ms
2025-12-01 22:46:08,688 | INFO | fastapi-calculator | GET /register -> 200 in 2.31ms
2025-12-01 22:46:17,818 | INFO | fastapi-calculator | POST /login -> 200 in 42.89ms
2025-12-01 22:46:25,921 | INFO | fastapi-calculator | GET /login -> 200 in 0.60ms
2025-12-01 22:46:29,918 | INFO | fastapi-calculator | POST /login -> 422 in 11.98ms
2025-12-01 22:46:30,662 | INFO | fastapi-calculator | POST /login -> 422 in 3.28ms
2025-12-01 22:46:31,082 | INFO | fastapi-calculator | POST /login -> 422 in 3.69ms
2025-12-01 22:46:31,238 | INFO | fastapi-calculator | POST /login -> 422 in 3.54ms
2025-12-01 22:46:41,147 | INFO | fastapi-calculator | GET /login -> 200 in 1.05ms
2025-12-01 22:46:46,073 | INFO | fastapi-calculator | POST /login -> 422 in 2.23ms
2025-12-01 22:47:34,009 | INFO | fastapi-calculator | GET /health -> 200 in 1.75ms
2025-12-01 22:47:34,019 | INFO | fastapi-calculator | Add: 2.0 + 3.0 = 5.0
2025-12-01 22:47:34,020 | INFO | fastapi-calculator | POST /add -> 200 in 2.34ms
2025-12-01 22:47:34,028 | INFO | fastapi-calculator | Subtract: 5.0 - 2.0 = 3.0
2025-12-01 22:47:34,029 | INFO | fastapi-calculator | POST /subtract -> 200 in 1.28ms
2025-12-01 22:47:34,037 | INFO | fastapi-calculator | Multiply: 3.0 * 4.0 = 12.0
2025-12-01 22:47:34,038 | INFO | fastapi-calculator | POST /multiply -> 200 in 1.14ms
2025-12-01 22:47:34,045 | INFO | fastapi-calculator | Divide: 8.0 / 4.0 = 2.0
2025-12-01 22:47:34,045 | INFO | fastapi-calculator | POST /divide -> 200 in 0.86ms
2025-12-01 22:47:34,052 | WARNING | fastapi-calculator | Divide by zero: a=1.0 b=0.0
2025-12-01 22:47:34,052 | INFO | fastapi-calculator | POST /divide -> 400 in 1.00ms
2025-12-01 22:47:34,466 | INFO | fastapi-calculator | POST /calculations -> 201 in 33.65ms
2025-12-01 22:47:34,488 | INFO | fastapi-calculator | GET /calculations -> 200 in 12.86ms
2025-12-01 22:47:34,522 | INFO | fastapi-calculator | POST /calculations -> 201 in 22.93ms
2025-12-01 22:47:34,540 | INFO | fastapi-calculator | GET /calculations/2 -> 200 in 10.95ms
2025-12-01 22:47:34,576 | INFO | fastapi-calculator | PUT /calculations/2 -> 200 in 30.32ms
2025-12-01 22:47:34,602 | INFO | fastapi-calculator | DELETE /calculations/2 -> 204 in 18.74ms
2025-12-01 22:47:34,617 | INFO | fastapi-calculator | GET /calculations/2 -> 404 in 9.10ms
2025-12-01 22:47:34,628 | INFO | fastapi-calculator | POST /calculations -> 422 in 2.45ms
2025-12-01 22:47:35,065 | INFO | fastapi-calculator | POST /users/register -> 201 in 58.30ms
2025-12-01 22:47:35,082 | INFO | fastapi-calculator | POST /users/login -> 422 in 7.61ms
2025-12-01 22:47:35,323 | INFO | fastapi-calculator | POST /users/login -> 422 in 2.73ms
2025-12-01 22:49:17,104 | INFO | fastapi-calculator | GET /.well-known/appspecific/com.chrome.devtools.json -> 404 in 0.94ms
2025-12-01 22:49:36,930 | INFO | fastapi-calculator | GET /login -> 200 in 37.38ms
2025-12-01 22:49:36,995 | INFO | fastapi-calculator | GET /.well-known/appspecific/com.chrome.devtools.json -> 404 in 1.73ms
2025-12-01 22:49:37,091 | INFO | fastapi-calculator | GET /static/styles.css -> 200 in 93.54ms
2025-12-01 22:49:37,097 | INFO | fastapi-calculator | GET /static/auth.js -> 200 in 4.43ms
2025-12-01 22:49:37,324 | INFO | fastapi-calculator | GET /favicon.ico -> 404 in 0.97ms
2025-12-01 22:50:04,580 | INFO | fastapi-calculator | POST /login -> 401 in 34.69ms
2025-12-01 22:50:16,636 | INFO | fastapi-calculator | POST /login -> 401 in 12.38ms
2025-12-01 22:50:21,139 | INFO | fastapi-calculator | GET /register -> 200 in 2.75ms
2025-12-01 22:50:21,203 | INFO | fastapi-calculator | GET /.well-known/appspecific/com.chrome.devtools.json -> 404 in 1.28ms
2025-12-01 22:50:21,207 | INFO | fastapi-calculator | GET /static/auth.js -> 304 in 4.50ms
2025-12-01 22:50:28,791 | INFO | fastapi-calculator | POST /register -> 201 in 77.79ms
2025-12-01 22:50:32,649 | INFO | fastapi-calculator | GET /login -> 200 in 0.84ms
2025-12-01 22:50:32,719 | INFO | fastapi-calculator | GET /.well-known/appspecific/com.chrome.devtools.json -> 404 in 1.54ms
2025-12-01 22:50:32,724 | INFO | fastapi-calculator | GET /static/auth.js -> 304 in 5.25ms
2025-12-01 22:50:40,998 | INFO | fastapi-calculator | POST /login -> 200 in 57.55ms
2025-12-01 22:50:58,882 | INFO | fastapi-calculator | GET /health -> 200 in 1.49ms
2025-12-01 22:50:58,891 | INFO | fastapi-calculator | Add: 2.0 + 3.0 = 5.0
2025-12-01 22:50:58,891 | INFO | fastapi-calculator | POST /add -> 200 in 1.84ms
2025-12-01 22:50:58,899 | INFO | fastapi-calculator | Subtract: 5.0 - 2.0 = 3.0
2025-12-01 22:50:58,899 | INFO | fastapi-calculator | POST /subtract -> 200 in 1.28ms
2025-12-01 22:50:58,908 | INFO | fastapi-calculator | Multiply: 3.0 * 4.0 = 12.0
2025-12-01 22:50:58,908 | INFO | fastapi-calculator | POST /multiply -> 200 in 1.12ms
2025-12-01 22:50:58,916 | INFO | fastapi-calculator | Divide: 8.0 / 4.0 = 2.0
2025-12-01 22:50:58,917 | INFO | fastapi-calculator | POST /divide -> 200 in 1.24ms
2025-12-01 22:50:58,926 | WARNING | fastapi-calculator | Divide by zero: a=1.0 b=0.0
2025-12-01 22:50:58,927 | INFO | fastapi-calculator | POST /divide -> 400 in 2.38ms
2025-12-01 22:50:59,289 | INFO | fastapi-calculator | POST /calculations -> 201 in 26.15ms
2025-12-01 22:50:59,307 | INFO | fastapi-calculator | GET /calculations -> 200 in 10.34ms
2025-12-01 22:50:59,331 | INFO | fastapi-calculator | POST /calculations -> 201 in 17.04ms
2025-12-01 22:50:59,347 | INFO | fastapi-calculator | GET /calculations/2 -> 200 in 11.99ms
2025-12-01 22:50:59,377 | INFO | fastapi-calculator | PUT /calculations/2 -> 200 in 25.30ms
2025-12-01 22:50:59,399 | INFO | fastapi-calculator | DELETE /calculations/2 -> 204 in 16.56ms
2025-12-01 22:50:59,416 | INFO | fastapi-calculator | GET /calculations/2 -> 404 in 7.45ms
2025-12-01 22:50:59,426 | INFO | fastapi-calculator | POST /calculations -> 422 in 2.52ms
2025-12-01 22:50:59,808 | INFO | fastapi-calculator | POST /users/register -> 201 in 46.92ms
2025-12-01 22:50:59,819 | INFO | fastapi-calculator | POST /users/login -> 422 in 5.29ms
2025-12-01 22:50:59,994 | INFO | fastapi-calculator | POST /users/login -> 422 in 1.77ms
2025-12-01 22:58:22,930 | INFO | fastapi-calculator | GET /health -> 200 in 1.00ms
2025-12-01 22:58:22,936 | INFO | fastapi-calculator | Add: 2.0 + 3.0 = 5.0
2025-12-01 22:58:22,937 | INFO | fastapi-calculator | POST /add -> 200 in 1.45ms
2025-12-01 22:58:22,942 | INFO | fastapi-calculator | Subtract: 5.0 - 2.0 = 3.0
2025-12-01 22:58:22,942 | INFO | fastapi-calculator | POST /subtract -> 200 in 0.74ms
2025-12-01 22:58:22,946 | INFO | fastapi-calculator | Multiply: 3.0 * 4.0 = 12.0
2025-12-01 22:58:22,946 | INFO | fastapi-calculator | POST /multiply -> 200 in 0.65ms
2025-12-01 22:58:22,950 | INFO | fastapi-calculator | Divide: 8.0 / 4.0 = 2.0
2025-12-01 22:58:22,951 | INFO | fastapi-calculator | POST /divide -> 200 in 0.72ms
2025-12-01 22:58:22,954 | WARNING | fastapi-calculator | Divide by zero: a=1.0 b=0.0
2025-12-01 22:58:22,955 | INFO | fastapi-calculator | POST /divide -> 400 in 0.81ms
2025-12-01 22:58:23,283 | INFO | fastapi-calculator | POST /calculations -> ERR in 4.07ms
2025-12-01 22:58:24,083 | INFO | fastapi-calculator | GET /calculations -> ERR in 1.64ms
2025-12-01 22:58:24,413 | INFO | fastapi-calculator | POST /calculations -> ERR in 2.06ms
2025-12-01 22:58:24,836 | INFO | fastapi-calculator | POST /calculations -> ERR in 1.77ms
2025-12-01 22:58:25,460 | INFO | fastapi-calculator | POST /users/register -> 201 in 42.51ms
2025-12-01 22:58:25,492 | INFO | fastapi-calculator | POST /users/login -> 200 in 27.10ms
2025-12-01 22:58:25,526 | INFO | fastapi-calculator | POST /users/login -> 401 in 23.47ms
2025-12-01 22:58:52,533 | INFO | fastapi-calculator | GET /health -> 200 in 0.96ms
2025-12-01 22:58:52,550 | INFO | fastapi-calculator | Add: 2.0 + 3.0 = 5.0
2025-12-01 22:58:52,551 | INFO | fastapi-calculator | POST /add -> 200 in 1.47ms
2025-12-01 22:58:52,555 | INFO | fastapi-calculator | Subtract: 5.0 - 2.0 = 3.0
2025-12-01 22:58:52,555 | INFO | fastapi-calculator | POST /subtract -> 200 in 0.67ms
2025-12-01 22:58:52,558 | INFO | fastapi-calculator | Multiply: 3.0 * 4.0 = 12.0
2025-12-01 22:58:52,559 | INFO | fastapi-calculator | POST /multiply -> 200 in 0.54ms
2025-12-01 22:58:52,562 | INFO | fastapi-calculator | Divide: 8.0 / 4.0 = 2.0
2025-12-01 22:58:52,562 | INFO | fastapi-calculator | POST /divide -> 200 in 0.56ms
2025-12-01 22:58:52,565 | WARNING | fastapi-calculator | Divide by zero: a=1.0 b=0.0
2025-12-01 22:58:52,565 | INFO | fastapi-calculator | POST /divide -> 400 in 0.50ms
2025-12-01 22:58:52,902 | INFO | fastapi-calculator | POST /calculations -> ERR in 2.90ms
2025-12-01 22:58:53,493 | INFO | fastapi-calculator | GET /calculations -> ERR in 1.42ms
2025-12-01 22:58:53,735 | INFO | fastapi-calculator | POST /calculations -> ERR in 1.48ms
2025-12-01 22:58:54,013 | INFO | fastapi-calculator | POST /calculations -> ERR in 1.31ms
2025-12-01 22:58:54,536 | INFO | fastapi-calculator | POST /users/register -> 201 in 28.21ms
2025-12-01 22:58:54,557 | INFO | fastapi-calculator | POST /users/login -> 200 in 17.95ms
2025-12-01 22:58:54,593 | INFO | fastapi-calculator | POST /users/login -> 401 in 17.90ms
2025-12-01 23:02:23,359 | INFO | fastapi-calculator | GET /health -> 200 in 0.78ms
2025-12-01 23:02:23,364 | INFO | fastapi-calculator | Add: 2.0 + 3.0 = 5.0
2025-12-01 23:02:23,364 | INFO | fastapi-calculator | POST /add -> 200 in 1.22ms
2025-12-01 23:02:23,367 | INFO | fastapi-calculator | Subtract: 5.0 - 2.0 = 3.0
2025-12-01 23:02:23,367 | INFO | fastapi-calculator | POST /subtract -> 200 in 0.56ms
2025-12-01 23:02:23,370 | INFO | fastapi-calculator | Multiply: 3.0 * 4.0 = 12.0
2025-12-01 23:02:23,370 | INFO | fastapi-calculator | POST /multiply -> 200 in 0.53ms
2025-12-01 23:02:23,373 | INFO | fastapi-calculator | Divide: 8.0 / 4.0 = 2.0
2025-12-01 23:02:23,373 | INFO | fastapi-calculator | POST /divide -> 200 in 0.50ms
2025-12-01 23:02:23,376 | WARNING | fastapi-calculator | Divide by zero: a=1.0 b=0.0
2025-12-01 23:02:23,376 | INFO | fastapi-calculator | POST /divide -> 400 in 0.50ms
2025-12-01 23:02:23,657 | INFO | fastapi-calculator | POST /calculations -> ERR in 5.83ms
2025-12-01 23:02:23,902 | INFO | fastapi-calculator | GET /calculations -> 200 in 8.02ms
2025-12-01 23:02:23,911 | INFO | fastapi-calculator | POST /calculations -> ERR in 1.84ms
2025-12-01 23:02:24,120 | INFO | fastapi-calculator | POST /calculations -> ERR in 2.00ms
2025-12-01 23:02:24,648 | INFO | fastapi-calculator | POST /users/register -> 201 in 32.69ms
2025-12-01 23:02:24,672 | INFO | fastapi-calculator | POST /users/login -> 200 in 20.41ms
2025-12-01 23:02:24,697 | INFO | fastapi-calculator | POST /users/login -> 401 in 21.04ms
2025-12-01 23:07:23,769 | INFO | fastapi-calculator | GET /health -> 200 in 0.81ms
2025-12-01 23:07:23,774 | INFO | fastapi-calculator | Add: 2.0 + 3.0 = 5.0
2025-12-01 23:07:23,774 | INFO | fastapi-calculator | POST /add -> 200 in 1.22ms
2025-12-01 23:07:23,778 | INFO | fastapi-calculator | Subtract: 5.0 - 2.0 = 3.0
2025-12-01 23:07:23,778 | INFO | fastapi-calculator | POST /subtract -> 200 in 0.59ms
2025-12-01 23:07:23,781 | INFO | fastapi-calculator | Multiply: 3.0 * 4.0 = 12.0
2025-12-01 23:07:23,781 | INFO | fastapi-calculator | POST /multiply -> 200 in 0.55ms
2025-12-01 23:07:23,784 | INFO | fastapi-calculator | Divide: 8.0 / 4.0 = 2.0
2025-12-01 23:07:23,784 | INFO | fastapi-calculator | POST /divide -> 200 in 0.59ms
2025-12-01 23:07:23,789 | WARNING | fastapi-calculator | Divide by zero: a=1.0 b=0.0
2025-12-01 23:07:23,789 | INFO | fastapi-calculator | POST /divide -> 400 in 0.78ms
2025-12-01 23:07:24,013 | INFO | fastapi-calculator | POST /calculations -> 201 in 15.54ms
2025-12-01 23:07:24,022 | INFO | fastapi-calculator | GET /calculations -> 200 in 4.72ms
2025-12-01 23:07:24,034 | INFO | fastapi-calculator | POST /calculations -> 201 in 8.41ms
2025-12-01 23:07:24,041 | INFO | fastapi-calculator | GET /calculations/2 -> 200 in 4.89ms
2025-12-01 23:07:24,055 | INFO | fastapi-calculator | PUT /calculations/2 -> 200 in 12.38ms
2025-12-01 23:07:24,065 | INFO | fastapi-calculator | DELETE /calculations/2 -> 204 in 7.70ms
2025-12-01 23:07:24,071 | INFO | fastapi-calculator | GET /calculations/2 -> 404 in 3.24ms
2025-12-01 23:07:24,075 | INFO | fastapi-calculator | POST /calculations -> 422 in 1.11ms
2025-12-01 23:07:24,304 | INFO | fastapi-calculator | POST /users/register -> 201 in 30.93ms
2025-12-01 23:07:24,327 | INFO | fastapi-calculator | POST /users/login -> 200 in 19.52ms
2025-12-01 23:07:24,351 | INFO | fastapi-calculator | POST /users/login -> 401 in 20.12ms
2025-12-01 23:08:01,311 | INFO | fastapi-calculator | GET /login -> 200 in 33.74ms
2025-12-01 23:08:03,045 | INFO | fastapi-calculator | GET /static/auth.js -> 304 in 31.75ms
2025-12-01 23:08:03,046 | INFO | fastapi-calculator | GET /static/styles.css -> 304 in 32.98ms
2025-12-01 23:08:07,148 | INFO | fastapi-calculator | POST /login -> 401 in 25.33ms
2025-12-01 23:08:08,030 | INFO | fastapi-calculator | GET /register -> 200 in 21.15ms
2025-12-01 23:08:14,574 | INFO | fastapi-calculator | POST /register -> 201 in 70.02ms
2025-12-01 23:08:15,508 | INFO | fastapi-calculator | GET /login -> 200 in 1.76ms
2025-12-01 23:08:19,368 | INFO | fastapi-calculator | POST /login -> 200 in 26.16ms
2025-12-01 23:15:25,874 | INFO | fastapi-calculator | GET /register -> 200 in 28.23ms
2025-12-01 23:15:25,950 | INFO | fastapi-calculator | GET /static/auth.js -> 304 in 47.11ms
2025-12-01 23:15:37,987 | INFO | fastapi-calculator | POST /register -> 400 in 16.78ms
2025-12-01 23:15:40,499 | INFO | fastapi-calculator | POST /register -> 400 in 4.92ms
2025-12-01 23:15:44,412 | INFO | fastapi-calculator | GET /register -> 200 in 1.08ms
2025-12-01 23:15:44,445 | INFO | fastapi-calculator | GET /static/styles.css -> 200 in 1.45ms
2025-12-01 23:15:44,448 | INFO | fastapi-calculator | GET /static/auth.js -> 200 in 3.10ms
2025-12-01 23:15:44,519 | INFO | fastapi-calculator | GET /favicon.ico -> 404 in 0.33ms
2025-12-01 23:15:50,991 | INFO | fastapi-calculator | POST /register -> 400 in 7.12ms
2025-12-01 23:15:55,235 | INFO | fastapi-calculator | POST /register -> 400 in 7.60ms
2025-12-01 23:15:57,199 | INFO | fastapi-calculator | POST /register -> 201 in 67.16ms
2025-12-01 23:15:58,238 | INFO | fastapi-calculator | GET /login -> 200 in 16.14ms
2025-12-01 23:16:05,155 | INFO | fastapi-calculator | POST /login -> 200 in 30.24ms
2025-12-01 23:19:57,275 | INFO | fastapi-calculator | GET /health -> 200 in 1.91ms
2025-12-01 23:19:57,282 | INFO | fastapi-calculator | Add: 2.0 + 3.0 = 5.0
2025-12-01 23:19:57,283 | INFO | fastapi-calculator | POST /add -> 200 in 1.76ms
2025-12-01 23:19:57,287 | INFO | fastapi-calculator | Subtract: 5.0 - 2.0 = 3.0
2025-12-01 23:19:57,287 | INFO | fastapi-calculator | POST /subtract -> 200 in 0.70ms
2025-12-01 23:19:57,291 | INFO | fastapi-calculator | Multiply: 3.0 * 4.0 = 12.0
2025-12-01 23:19:57,292 | INFO | fastapi-calculator | POST /multiply -> 200 in 0.81ms
2025-12-01 23:19:57,296 | INFO | fastapi-calculator | Divide: 8.0 / 4.0 = 2.0
2025-12-01 23:19:57,296 | INFO | fastapi-calculator | POST /divide -> 200 in 0.71ms
2025-12-01 23:19:57,300 | WARNING | fastapi-calculator | Divide by zero: a=1.0 b=0.0
2025-12-01 23:19:57,300 | INFO | fastapi-calculator | POST /divide -> 400 in 0.93ms
2025-12-01 23:19:57,581 | INFO | fastapi-calculator | POST /calculations -> 201 in 24.40ms
2025-12-01 23:19:57,597 | INFO | fastapi-calculator | GET /calculations -> 200 in 8.71ms
2025-12-01 23:19:57,618 | INFO | fastapi-calculator | POST /calculations -> 201 in 15.93ms
2025-12-01 23:19:57,630 | INFO | fastapi-calculator | GET /calculations/2 -> 200 in 8.30ms
2025-12-01 23:19:57,657 | INFO | fastapi-calculator | PUT /calculations/2 -> 200 in 21.95ms
2025-12-01 23:19:57,676 | INFO | fastapi-calculator | DELETE /calculations/2 -> 204 in 12.62ms
2025-12-01 23:19:57,684 | INFO | fastapi-calculator | GET /calculations/2 -> 404 in 5.92ms
2025-12-01 23:19:57,692 | INFO | fastapi-calculator | POST /calculations -> 422 in 2.10ms
2025-12-01 23:19:57,970 | INFO | fastapi-calculator | POST /users/register -> 201 in 32.54ms
2025-12-01 23:19:57,995 | INFO | fastapi-calculator | POST /users/login -> 200 in 20.57ms
2025-12-01 23:19:58,021 | INFO | fastapi-calculator | POST /users/login -> 401 in 20.86ms
2025-12-01 23:24:13,319 | INFO | fastapi-calculator | GET /register -> 200 in 0.57ms
2025-12-01 23:24:13,392 | INFO | fastapi-calculator | GET /static/auth.js -> 304 in 36.68ms
2025-12-01 23:24:19,809 | INFO | fastapi-calculator | POST /register -> 201 in 68.16ms
2025-12-01 23:24:20,970 | INFO | fastapi-calculator | GET /login -> 200 in 0.37ms
2025-12-01 23:24:24,840 | INFO | fastapi-calculator | POST /login -> 200 in 25.64ms
2025-12-01 23:31:45,538 | INFO | fastapi-calculator | GET /health -> 200 in 1.01ms
2025-12-01 23:31:45,543 | INFO | fastapi-calculator | Add: 2.0 + 3.0 = 5.0
2025-12-01 23:31:45,543 | INFO | fastapi-calculator | POST /add -> 200 in 1.06ms
2025-12-01 23:31:45,546 | INFO | fastapi-calculator | Subtract: 5.0 - 2.0 = 3.0
2025-12-01 23:31:45,547 | INFO | fastapi-calculator | POST /subtract -> 200 in 0.49ms
2025-12-01 23:31:45,550 | INFO | fastapi-calculator | Multiply: 3.0 * 4.0 = 12.0
2025-12-01 23:31:45,550 | INFO | fastapi-calculator | POST /multiply -> 200 in 0.47ms
2025-12-01 23:31:45,553 | INFO | fastapi-calculator | Divide: 8.0 / 4.0 = 2.0
2025-12-01 23:31:45,553 | INFO | fastapi-calculator | POST /divide -> 200 in 0.47ms
2025-12-01 23:31:45,555 | WARNING | fastapi-calculator | Divide by zero: a=1.0 b=0.0
2025-12-01 23:31:45,556 | INFO | fastapi-calculator | POST /divide -> 400 in 0.43ms
2025-12-01 23:31:45,804 | INFO | fastapi-calculator | POST /calculations -> 201 in 16.98ms
2025-12-01 23:31:45,811 | INFO | fastapi-calculator | GET /calculations -> 200 in 3.68ms
2025-12-01 23:31:45,831 | INFO | fastapi-calculator | POST /calculations -> 201 in 10.77ms
2025-12-01 23:31:45,837 | INFO | fastapi-calculator | GET /calculations/2 -> 200 in 4.25ms
2025-12-01 23:31:45,852 | INFO | fastapi-calculator | PUT /calculations/2 -> 200 in 12.18ms
2025-12-01 23:31:45,861 | INFO | fastapi-calculator | DELETE /calculations/2 -> 204 in 7.33ms
2025-12-01 23:31:45,865 | INFO | fastapi-calculator | GET /calculations/2 -> 404 in 2.76ms
2025-12-01 23:31:45,869 | INFO | fastapi-calculator | POST /calculations -> 422 in 0.99ms
2025-12-01 23:31:46,108 | INFO | fastapi-calculator | POST /users/register -> 201 in 32.19ms
2025-12-01 23:31:46,140 | INFO | fastapi-calculator | POST /users/login -> 200 in 19.91ms
2025-12-01 23:31:46,180 | INFO | fastapi-calculator | POST /users/login -> 401 in 20.62ms
2025-12-01 23:34:06,159 | INFO | fastapi-calculator | GET /register -> 200 in 0.89ms
2025-12-01 23:34:06,233 | INFO | fastapi-calculator | GET /static/auth.js -> 200 in 45.52ms
2025-12-01 23:34:08,388 | INFO | fastapi-calculator | GET /.well-known/appspecific/com.chrome.devtools.json -> 404 in 0.67ms
2025-12-01 23:44:42,946 | INFO | fastapi-calculator | GET /debug-routes -> 200 in 2.49ms
2025-12-01 23:45:17,066 | INFO | fastapi-calculator | GET /register -> 200 in 0.48ms
2025-12-01 23:45:17,157 | INFO | fastapi-calculator | GET /static/styles.css -> 304 in 51.79ms
2025-12-01 23:45:17,161 | INFO | fastapi-calculator | GET /static/auth.js -> 200 in 4.43ms
2025-12-01 23:45:42,162 | INFO | fastapi-calculator | GET /register -> 200 in 0.42ms
2025-12-01 23:45:48,816 | INFO | fastapi-calculator | GET /login -> 200 in 0.41ms
2025-12-01 23:45:48,831 | INFO | fastapi-calculator | GET /static/auth.js -> 304 in 2.22ms
2025-12-01 23:45:56,723 | INFO | fastapi-calculator | GET /register -> 200 in 0.30ms
2025-12-01 23:47:26,328 | INFO | fastapi-calculator | GET /register -> 200 in 1.00ms
2025-12-01 23:47:26,393 | INFO | fastapi-calculator | GET /static/auth.js -> 304 in 40.45ms
2025-12-01 23:47:27,031 | INFO | fastapi-calculator | GET /register -> 200 in 0.56ms
2025-12-01 23:53:25,738 | INFO | fastapi-calculator | GET /health -> 200 in 0.73ms
2025-12-01 23:53:25,743 | INFO | fastapi-calculator | GET /health -> 200 in 0.45ms
2025-12-01 23:53:26,860 | INFO | fastapi-calculator | GET / -> 200 in 30.34ms
2025-12-01 23:53:26,863 | INFO | fastapi-calculator | GET /register -> 200 in 0.53ms
2025-12-01 23:53:26,868 | INFO | fastapi-calculator | GET /static/script.js -> 200 in 1.49ms
2025-12-01 23:53:26,872 | INFO | fastapi-calculator | GET /static/styles.css -> 200 in 2.32ms
2025-12-01 23:53:26,873 | INFO | fastapi-calculator | GET /static/auth.js -> 200 in 2.08ms
2025-12-01 23:53:26,989 | INFO | fastapi-calculator | Add: 10.0 + 4.0 = 14.0
2025-12-01 23:53:26,989 | INFO | fastapi-calculator | POST /add -> 200 in 2.21ms
2025-12-01 23:53:27,040 | INFO | fastapi-calculator | Subtract: 10.0 - 4.0 = 6.0
2025-12-01 23:53:27,041 | INFO | fastapi-calculator | POST /subtract -> 200 in 2.46ms
2025-12-01 23:53:27,086 | INFO | fastapi-calculator | POST /register -> 201 in 56.85ms
2025-12-01 23:53:27,184 | INFO | fastapi-calculator | Multiply: 10.0 * 4.0 = 40.0
2025-12-01 23:53:27,184 | INFO | fastapi-calculator | POST /multiply -> 200 in 1.31ms
2025-12-01 23:53:27,245 | INFO | fastapi-calculator | GET /register -> 200 in 0.59ms
2025-12-01 23:53:27,255 | INFO | fastapi-calculator | GET /static/styles.css -> 200 in 2.49ms
2025-12-01 23:53:27,257 | INFO | fastapi-calculator | GET /static/auth.js -> 200 in 2.86ms
2025-12-01 23:53:27,321 | INFO | fastapi-calculator | Divide: 10.0 / 4.0 = 2.5
2025-12-01 23:53:27,322 | INFO | fastapi-calculator | POST /divide -> 200 in 1.49ms
2025-12-01 23:53:27,453 | INFO | fastapi-calculator | GET /register -> 200 in 0.53ms
2025-12-01 23:53:27,460 | INFO | fastapi-calculator | GET /static/styles.css -> 200 in 2.00ms
2025-12-01 23:53:27,461 | INFO | fastapi-calculator | GET /static/auth.js -> 200 in 2.30ms
2025-12-01 23:53:27,616 | INFO | fastapi-calculator | POST /register -> 201 in 30.75ms
2025-12-01 23:53:27,702 | INFO | fastapi-calculator | GET /login -> 200 in 0.31ms
2025-12-01 23:53:27,789 | INFO | fastapi-calculator | POST /login -> 200 in 20.31ms
2025-12-01 23:53:27,947 | INFO | fastapi-calculator | GET /register -> 200 in 0.48ms
2025-12-01 23:53:27,952 | INFO | fastapi-calculator | GET /static/auth.js -> 200 in 1.23ms
2025-12-01 23:53:27,953 | INFO | fastapi-calculator | GET /static/styles.css -> 200 in 2.47ms
2025-12-01 23:53:28,107 | INFO | fastapi-calculator | POST /register -> 201 in 37.23ms
2025-12-01 23:53:28,182 | INFO | fastapi-calculator | GET /login -> 200 in 0.31ms
2025-12-01 23:53:28,269 | INFO | fastapi-calculator | POST /login -> 401 in 18.72ms
2025-12-01 23:56:02,508 | INFO | fastapi-calculator | GET /health -> 200 in 0.71ms
2025-12-01 23:56:02,514 | INFO | fastapi-calculator | GET /health -> 200 in 0.45ms
2025-12-01 23:56:03,612 | INFO | fastapi-calculator | GET / -> 200 in 0.47ms
2025-12-01 23:56:03,617 | INFO | fastapi-calculator | GET /static/script.js -> 200 in 1.05ms
2025-12-01 23:56:03,620 | INFO | fastapi-calculator | GET /register -> 200 in 0.55ms
2025-12-01 23:56:03,627 | INFO | fastapi-calculator | GET /static/styles.css -> 200 in 2.20ms
2025-12-01 23:56:03,628 | INFO | fastapi-calculator | GET /static/auth.js -> 200 in 2.31ms
2025-12-01 23:56:03,714 | INFO | fastapi-calculator | Add: 10.0 + 4.0 = 14.0
2025-12-01 23:56:03,715 | INFO | fastapi-calculator | POST /add -> 200 in 1.45ms
2025-12-01 23:56:03,761 | INFO | fastapi-calculator | Subtract: 10.0 - 4.0 = 6.0
2025-12-01 23:56:03,762 | INFO | fastapi-calculator | POST /subtract -> 200 in 1.33ms
2025-12-01 23:56:03,770 | INFO | fastapi-calculator | POST /register -> 400 in 5.77ms
2025-12-01 23:56:03,894 | INFO | fastapi-calculator | Multiply: 10.0 * 4.0 = 40.0
2025-12-01 23:56:03,895 | INFO | fastapi-calculator | POST /multiply -> 200 in 1.08ms
2025-12-01 23:56:04,028 | INFO | fastapi-calculator | Divide: 10.0 / 4.0 = 2.5
2025-12-01 23:56:04,028 | INFO | fastapi-calculator | POST /divide -> 200 in 1.04ms
2025-12-01 23:56:09,867 | INFO | fastapi-calculator | GET /register -> 200 in 0.37ms
2025-12-01 23:56:09,873 | INFO | fastapi-calculator | GET /static/styles.css -> 200 in 1.51ms
2025-12-01 23:56:09,873 | INFO | fastapi-calculator | GET /static/auth.js -> 200 in 1.54ms
2025-12-01 23:56:10,084 | INFO | fastapi-calculator | GET /register -> 200 in 0.45ms
2025-12-01 23:56:10,090 | INFO | fastapi-calculator | GET /static/styles.css -> 200 in 1.59ms
2025-12-01 23:56:10,091 | INFO | fastapi-calculator | GET /static/auth.js -> 200 in 1.50ms
2025-12-01 23:56:10,220 | INFO | fastapi-calculator | POST /register -> 400 in 6.05ms
2025-12-01 23:56:16,238 | INFO | fastapi-calculator | GET /register -> 200 in 0.48ms
2025-12-01 23:56:16,244 | INFO | fastapi-calculator | GET /static/styles.css -> 200 in 1.67ms
2025-12-01 23:56:16,245 | INFO | fastapi-calculator | GET /static/auth.js -> 200 in 1.88ms
2025-12-01 23:56:16,386 | INFO | fastapi-calculator | POST /register -> 400 in 5.23ms
2025-12-01 23:58:45,125 | INFO | fastapi-calculator | GET /health -> 200 in 0.77ms
2025-12-01 23:58:45,131 | INFO | fastapi-calculator | GET /health -> 200 in 0.57ms
2025-12-01 23:58:46,330 | INFO | fastapi-calculator | GET /register -> 200 in 0.91ms
2025-12-01 23:58:46,330 | INFO | fastapi-calculator | GET / -> 200 in 1.48ms
2025-12-01 23:58:46,338 | INFO | fastapi-calculator | GET /static/styles.css -> 200 in 2.84ms
2025-12-01 23:58:46,339 | INFO | fastapi-calculator | GET /static/script.js -> 200 in 3.55ms
2025-12-01 23:58:46,340 | INFO | fastapi-calculator | GET /static/auth.js -> 200 in 2.61ms
2025-12-01 23:58:46,443 | INFO | fastapi-calculator | Add: 10.0 + 4.0 = 14.0
2025-12-01 23:58:46,443 | INFO | fastapi-calculator | POST /add -> 200 in 1.21ms
2025-12-01 23:58:46,480 | INFO | fastapi-calculator | POST /register -> 400 in 5.60ms
2025-12-01 23:58:46,489 | INFO | fastapi-calculator | Subtract: 10.0 - 4.0 = 6.0
2025-12-01 23:58:46,490 | INFO | fastapi-calculator | POST /subtract -> 200 in 1.09ms
2025-12-01 23:58:46,621 | INFO | fastapi-calculator | Multiply: 10.0 * 4.0 = 40.0
2025-12-01 23:58:46,621 | INFO | fastapi-calculator | POST /multiply -> 200 in 1.13ms
2025-12-01 23:58:46,754 | INFO | fastapi-calculator | Divide: 10.0 / 4.0 = 2.5
2025-12-01 23:58:46,755 | INFO | fastapi-calculator | POST /divide -> 200 in 1.23ms
2025-12-01 23:58:52,605 | INFO | fastapi-calculator | GET /register -> 200 in 0.44ms
2025-12-01 23:58:52,612 | INFO | fastapi-calculator | GET /static/auth.js -> 200 in 1.27ms
2025-12-01 23:58:52,613 | INFO | fastapi-calculator | GET /static/styles.css -> 200 in 2.75ms
2025-12-01 23:58:52,830 | INFO | fastapi-calculator | GET /register -> 200 in 0.54ms
2025-12-01 23:58:52,837 | INFO | fastapi-calculator | GET /static/styles.css -> 200 in 2.25ms
2025-12-01 23:58:52,838 | INFO | fastapi-calculator | GET /static/auth.js -> 200 in 2.73ms
2025-12-01 23:58:52,999 | INFO | fastapi-calculator | POST /register -> 400 in 6.20ms
2025-12-01 23:58:59,037 | INFO | fastapi-calculator | GET /register -> 200 in 0.45ms
2025-12-01 23:58:59,043 | INFO | fastapi-calculator | GET /static/styles.css -> 200 in 1.82ms
2025-12-01 23:58:59,044 | INFO | fastapi-calculator | GET /static/auth.js -> 200 in 2.00ms
2025-12-01 23:58:59,162 | INFO | fastapi-calculator | POST /register -> 400 in 4.39ms
2025-12-02 00:00:11,229 | INFO | fastapi-calculator | GET /health -> 200 in 1.21ms
2025-12-02 00:00:11,235 | INFO | fastapi-calculator | GET /health -> 200 in 0.66ms
2025-12-02 00:00:12,813 | INFO | fastapi-calculator | GET / -> 200 in 2.35ms
2025-12-02 00:00:12,814 | INFO | fastapi-calculator | GET /register -> 200 in 3.12ms
2025-12-02 00:00:12,853 | INFO | fastapi-calculator | GET /static/styles.css -> 200 in 32.23ms
2025-12-02 00:00:12,854 | INFO | fastapi-calculator | GET /static/auth.js -> 200 in 30.88ms
2025-12-02 00:00:12,855 | INFO | fastapi-calculator | GET /static/script.js -> 200 in 33.71ms
2025-12-02 00:00:12,955 | INFO | fastapi-calculator | Add: 10.0 + 4.0 = 14.0
2025-12-02 00:00:12,955 | INFO | fastapi-calculator | POST /add -> 200 in 1.98ms
2025-12-02 00:00:13,001 | INFO | fastapi-calculator | Subtract: 10.0 - 4.0 = 6.0
2025-12-02 00:00:13,002 | INFO | fastapi-calculator | POST /subtract -> 200 in 1.47ms
2025-12-02 00:00:13,031 | INFO | fastapi-calculator | POST /register -> 201 in 26.52ms
2025-12-02 00:00:13,135 | INFO | fastapi-calculator | Multiply: 10.0 * 4.0 = 40.0
2025-12-02 00:00:13,136 | INFO | fastapi-calculator | POST /multiply -> 200 in 1.61ms
2025-12-02 00:00:13,216 | INFO | fastapi-calculator | GET /register -> 200 in 0.45ms
2025-12-02 00:00:13,223 | INFO | fastapi-calculator | GET /static/styles.css -> 200 in 2.33ms
2025-12-02 00:00:13,224 | INFO | fastapi-calculator | GET /static/auth.js -> 200 in 1.83ms
2025-12-02 00:00:13,285 | INFO | fastapi-calculator | Divide: 10.0 / 4.0 = 2.5
2025-12-02 00:00:13,285 | INFO | fastapi-calculator | POST /divide -> 200 in 1.36ms
2025-12-02 00:00:13,404 | INFO | fastapi-calculator | GET /register -> 200 in 0.49ms
2025-12-02 00:00:13,411 | INFO | fastapi-calculator | GET /static/styles.css -> 200 in 1.92ms
2025-12-02 00:00:13,412 | INFO | fastapi-calculator | GET /static/auth.js -> 200 in 1.98ms
2025-12-02 00:00:13,559 | INFO | fastapi-calculator | POST /register -> 201 in 6.39ms
2025-12-02 00:00:13,669 | INFO | fastapi-calculator | GET /login -> 200 in 0.26ms
2025-12-02 00:00:13,675 | INFO | fastapi-calculator | GET /static/auth.js -> 304 in 1.10ms
2025-12-02 00:00:13,742 | INFO | fastapi-calculator | POST /login -> 401 in 6.75ms
2025-12-02 00:00:19,814 | INFO | fastapi-calculator | GET /register -> 200 in 0.42ms
2025-12-02 00:00:19,819 | INFO | fastapi-calculator | GET /static/auth.js -> 200 in 1.03ms
2025-12-02 00:00:19,820 | INFO | fastapi-calculator | GET /static/styles.css -> 200 in 2.11ms
2025-12-02 00:00:19,960 | INFO | fastapi-calculator | POST /register -> 201 in 5.13ms
2025-12-02 00:00:19,969 | INFO | fastapi-calculator | GET /login -> 200 in 0.29ms
2025-12-02 00:00:20,056 | INFO | fastapi-calculator | POST /login -> 401 in 5.23ms
2025-12-02 00:00:37,396 | INFO | fastapi-calculator | GET /health -> 200 in 0.72ms
2025-12-02 00:00:37,400 | INFO | fastapi-calculator | GET /health -> 200 in 0.47ms
2025-12-02 00:00:38,462 | INFO | fastapi-calculator | GET / -> 200 in 0.53ms
2025-12-02 00:00:38,469 | INFO | fastapi-calculator | GET /static/script.js -> 200 in 1.25ms
2025-12-02 00:00:38,537 | INFO | fastapi-calculator | GET /register -> 200 in 0.54ms
2025-12-02 00:00:38,545 | INFO | fastapi-calculator | GET /static/styles.css -> 200 in 2.44ms
2025-12-02 00:00:38,547 | INFO | fastapi-calculator | GET /static/auth.js -> 200 in 3.29ms
2025-12-02 00:00:38,574 | INFO | fastapi-calculator | Add: 10.0 + 4.0 = 14.0
2025-12-02 00:00:38,575 | INFO | fastapi-calculator | POST /add -> 200 in 1.45ms
2025-12-02 00:00:38,617 | INFO | fastapi-calculator | Subtract: 10.0 - 4.0 = 6.0
2025-12-02 00:00:38,617 | INFO | fastapi-calculator | POST /subtract -> 200 in 1.04ms
2025-12-02 00:00:38,675 | INFO | fastapi-calculator | POST /register -> 201 in 5.25ms
2025-12-02 00:00:38,751 | INFO | fastapi-calculator | GET /register -> 200 in 0.55ms
2025-12-02 00:00:38,753 | INFO | fastapi-calculator | Multiply: 10.0 * 4.0 = 40.0
2025-12-02 00:00:38,753 | INFO | fastapi-calculator | POST /multiply -> 200 in 0.97ms
2025-12-02 00:00:38,759 | INFO | fastapi-calculator | GET /static/styles.css -> 200 in 2.50ms
2025-12-02 00:00:38,760 | INFO | fastapi-calculator | GET /static/auth.js -> 200 in 1.73ms
2025-12-02 00:00:38,901 | INFO | fastapi-calculator | Divide: 10.0 / 4.0 = 2.5
2025-12-02 00:00:38,902 | INFO | fastapi-calculator | POST /divide -> 200 in 1.15ms
2025-12-02 00:00:38,951 | INFO | fastapi-calculator | GET /register -> 200 in 0.43ms
2025-12-02 00:00:38,958 | INFO | fastapi-calculator | GET /static/styles.css -> 200 in 2.03ms
2025-12-02 00:00:38,959 | INFO | fastapi-calculator | GET /static/auth.js -> 200 in 2.11ms
2025-12-02 00:00:39,077 | INFO | fastapi-calculator | POST /register -> 201 in 9.17ms
2025-12-02 00:00:39,189 | INFO | fastapi-calculator | GET /login -> 200 in 0.42ms
2025-12-02 00:00:39,288 | INFO | fastapi-calculator | POST /login -> 401 in 4.74ms
2025-12-02 00:00:45,382 | INFO | fastapi-calculator | GET /register -> 200 in 0.44ms
2025-12-02 00:00:45,388 | INFO | fastapi-calculator | GET /static/styles.css -> 200 in 1.63ms
2025-12-02 00:00:45,388 | INFO | fastapi-calculator | GET /static/auth.js -> 200 in 1.68ms
2025-12-02 00:00:45,524 | INFO | fastapi-calculator | POST /register -> 201 in 4.80ms
2025-12-02 00:00:45,534 | INFO | fastapi-calculator | GET /login -> 200 in 0.26ms
2025-12-02 00:00:45,604 | INFO | fastapi-calculator | POST /login -> 401 in 4.34ms
2025-12-02 00:02:25,423 | INFO | fastapi-calculator | GET /health -> 200 in 0.81ms
2025-12-02 00:02:25,428 | INFO | fastapi-calculator | GET /health -> 200 in 0.40ms
2025-12-02 00:02:27,032 | INFO | fastapi-calculator | GET /register -> 200 in 2.25ms
2025-12-02 00:02:27,033 | INFO | fastapi-calculator | GET / -> 200 in 2.85ms
2025-12-02 00:02:27,081 | INFO | fastapi-calculator | GET /static/script.js -> 200 in 42.93ms
2025-12-02 00:02:27,082 | INFO | fastapi-calculator | GET /static/auth.js -> 200 in 41.62ms
2025-12-02 00:02:27,082 | INFO | fastapi-calculator | GET /static/styles.css -> 200 in 44.03ms
2025-12-02 00:02:27,183 | INFO | fastapi-calculator | Add: 10.0 + 4.0 = 14.0
2025-12-02 00:02:27,184 | INFO | fastapi-calculator | POST /add -> 200 in 1.71ms
2025-12-02 00:02:27,230 | INFO | fastapi-calculator | Subtract: 10.0 - 4.0 = 6.0
2025-12-02 00:02:27,231 | INFO | fastapi-calculator | POST /subtract -> 200 in 1.17ms
2025-12-02 00:02:27,238 | INFO | fastapi-calculator | POST /register -> 201 in 22.58ms
2025-12-02 00:02:27,363 | INFO | fastapi-calculator | Multiply: 10.0 * 4.0 = 40.0
2025-12-02 00:02:27,364 | INFO | fastapi-calculator | POST /multiply -> 200 in 1.61ms
2025-12-02 00:02:27,449 | INFO | fastapi-calculator | GET /register -> 200 in 0.52ms
2025-12-02 00:02:27,455 | INFO | fastapi-calculator | GET /static/styles.css -> 200 in 2.27ms
2025-12-02 00:02:27,456 | INFO | fastapi-calculator | GET /static/auth.js -> 200 in 1.68ms
2025-12-02 00:02:27,497 | INFO | fastapi-calculator | Divide: 10.0 / 4.0 = 2.5
2025-12-02 00:02:27,498 | INFO | fastapi-calculator | POST /divide -> 200 in 1.29ms
2025-12-02 00:02:27,667 | INFO | fastapi-calculator | GET /register -> 200 in 0.52ms
2025-12-02 00:02:27,674 | INFO | fastapi-calculator | GET /static/styles.css -> 200 in 2.10ms
2025-12-02 00:02:27,675 | INFO | fastapi-calculator | GET /static/auth.js -> 200 in 1.71ms
2025-12-02 00:02:27,802 | INFO | fastapi-calculator | POST /register -> 201 in 5.57ms
2025-12-02 00:02:27,912 | INFO | fastapi-calculator | GET /login -> 200 in 0.29ms
2025-12-02 00:02:27,986 | INFO | fastapi-calculator | POST /login -> 401 in 6.57ms
2025-12-02 00:02:34,071 | INFO | fastapi-calculator | GET /register -> 200 in 0.45ms
2025-12-02 00:02:34,077 | INFO | fastapi-calculator | GET /static/styles.css -> 200 in 1.68ms
2025-12-02 00:02:34,078 | INFO | fastapi-calculator | GET /static/auth.js -> 200 in 1.69ms
2025-12-02 00:02:34,206 | INFO | fastapi-calculator | POST /register -> 201 in 5.98ms
2025-12-02 00:02:34,216 | INFO | fastapi-calculator | GET /login -> 200 in 0.29ms
2025-12-02 00:02:34,301 | INFO | fastapi-calculator | POST /login -> 401 in 5.42ms
2025-12-02 00:05:03,133 | INFO | fastapi-calculator | GET /health -> 200 in 0.88ms
2025-12-02 00:05:03,138 | INFO | fastapi-calculator | GET /health -> 200 in 0.44ms
2025-12-02 00:05:04,676 | INFO | fastapi-calculator | GET / -> 200 in 2.29ms
2025-12-02 00:05:04,677 | INFO | fastapi-calculator | GET /register -> 200 in 3.04ms
2025-12-02 00:05:04,719 | INFO | fastapi-calculator | GET /static/script.js -> 200 in 36.24ms
2025-12-02 00:05:04,720 | INFO | fastapi-calculator | GET /static/auth.js -> 200 in 34.53ms
2025-12-02 00:05:04,720 | INFO | fastapi-calculator | GET /static/styles.css -> 200 in 37.57ms
2025-12-02 00:05:04,809 | INFO | fastapi-calculator | Add: 10.0 + 4.0 = 14.0
2025-12-02 00:05:04,810 | INFO | fastapi-calculator | POST /add -> 200 in 1.77ms
2025-12-02 00:05:04,857 | INFO | fastapi-calculator | Subtract: 10.0 - 4.0 = 6.0
2025-12-02 00:05:04,857 | INFO | fastapi-calculator | POST /subtract -> 200 in 1.25ms
2025-12-02 00:05:04,881 | INFO | fastapi-calculator | POST /register -> 201 in 21.97ms
2025-12-02 00:05:04,991 | INFO | fastapi-calculator | Multiply: 10.0 * 4.0 = 40.0
2025-12-02 00:05:04,991 | INFO | fastapi-calculator | POST /multiply -> 200 in 2.12ms
2025-12-02 00:05:05,057 | INFO | fastapi-calculator | GET /register -> 200 in 0.47ms
2025-12-02 00:05:05,064 | INFO | fastapi-calculator | GET /static/styles.css -> 200 in 2.59ms
2025-12-02 00:05:05,065 | INFO | fastapi-calculator | GET /static/auth.js -> 200 in 2.11ms
2025-12-02 00:05:05,140 | INFO | fastapi-calculator | Divide: 10.0 / 4.0 = 2.5
2025-12-02 00:05:05,140 | INFO | fastapi-calculator | POST /divide -> 200 in 1.15ms
2025-12-02 00:05:05,259 | INFO | fastapi-calculator | GET /register -> 200 in 0.54ms
2025-12-02 00:05:05,266 | INFO | fastapi-calculator | GET /static/styles.css -> 200 in 1.86ms
2025-12-02 00:05:05,267 | INFO | fastapi-calculator | GET /static/auth.js -> 200 in 1.82ms
2025-12-02 00:05:05,396 | INFO | fastapi-calculator | POST /register -> 201 in 5.25ms
2025-12-02 00:05:05,507 | INFO | fastapi-calculator | GET /login -> 200 in 0.31ms
2025-12-02 00:05:05,596 | INFO | fastapi-calculator | POST /login -> 401 in 6.86ms
2025-12-02 00:05:11,657 | INFO | fastapi-calculator | GET /register -> 200 in 0.47ms
2025-12-02 00:05:11,664 | INFO | fastapi-calculator | GET /static/styles.css -> 200 in 1.70ms
2025-12-02 00:05:11,665 | INFO | fastapi-calculator | GET /static/auth.js -> 200 in 2.26ms
2025-12-02 00:05:11,823 | INFO | fastapi-calculator | POST /register -> 201 in 9.14ms
2025-12-02 00:05:11,839 | INFO | fastapi-calculator | GET /login -> 200 in 0.49ms
2025-12-02 00:05:11,928 | INFO | fastapi-calculator | POST /login -> 401 in 4.94ms
2025-12-02 00:05:31,934 | INFO | fastapi-calculator | GET /login -> 200 in 0.39ms
2025-12-02 00:05:31,965 | INFO | fastapi-calculator | GET /static/auth.js -> 200 in 1.63ms
2025-12-02 00:05:36,016 | INFO | fastapi-calculator | POST /login -> 401 in 6.23ms
2025-12-02 00:05:38,723 | INFO | fastapi-calculator | GET /register -> 200 in 0.57ms
2025-12-02 00:05:46,749 | INFO | fastapi-calculator | POST /register -> 201 in 38.00ms
2025-12-02 00:05:47,303 | INFO | fastapi-calculator | GET /login -> 200 in 0.41ms
2025-12-02 00:05:52,591 | INFO | fastapi-calculator | GET /.well-known/appspecific/com.chrome.devtools.json -> 404 in 0.50ms
2025-12-02 00:05:53,293 | INFO | fastapi-calculator | POST /login -> 200 in 20.77ms
2025-12-02 00:09:09,896 | INFO | fastapi-calculator | GET /health -> 200 in 0.70ms
2025-12-02 00:09:09,901 | INFO | fastapi-calculator | GET /health -> 200 in 0.45ms
2025-12-02 00:09:11,457 | INFO | fastapi-calculator | GET / -> 200 in 2.39ms
2025-12-02 00:09:11,458 | INFO | fastapi-calculator | GET /register -> 200 in 3.01ms
2025-12-02 00:09:11,494 | INFO | fastapi-calculator | GET /static/auth.js -> 200 in 28.90ms
2025-12-02 00:09:11,494 | INFO | fastapi-calculator | GET /static/styles.css -> 200 in 31.81ms
2025-12-02 00:09:11,495 | INFO | fastapi-calculator | GET /static/script.js -> 200 in 32.22ms
2025-12-02 00:09:11,584 | INFO | fastapi-calculator | Add: 10.0 + 4.0 = 14.0
2025-12-02 00:09:11,584 | INFO | fastapi-calculator | POST /add -> 200 in 1.97ms
2025-12-02 00:09:11,631 | INFO | fastapi-calculator | Subtract: 10.0 - 4.0 = 6.0
2025-12-02 00:09:11,631 | INFO | fastapi-calculator | POST /subtract -> 200 in 1.32ms
2025-12-02 00:09:11,662 | INFO | fastapi-calculator | POST /register -> 201 in 25.83ms
2025-12-02 00:09:11,762 | INFO | fastapi-calculator | Multiply: 10.0 * 4.0 = 40.0
2025-12-02 00:09:11,762 | INFO | fastapi-calculator | POST /multiply -> 200 in 1.04ms
2025-12-02 00:09:11,842 | INFO | fastapi-calculator | GET /register -> 200 in 0.47ms
2025-12-02 00:09:11,850 | INFO | fastapi-calculator | GET /static/styles.css -> 200 in 3.04ms
2025-12-02 00:09:11,851 | INFO | fastapi-calculator | GET /static/auth.js -> 200 in 1.98ms
2025-12-02 00:09:11,915 | INFO | fastapi-calculator | Divide: 10.0 / 4.0 = 2.5
2025-12-02 00:09:11,915 | INFO | fastapi-calculator | POST /divide -> 200 in 1.33ms
2025-12-02 00:09:12,043 | INFO | fastapi-calculator | GET /register -> 200 in 0.64ms
2025-12-02 00:09:12,052 | INFO | fastapi-calculator | GET /static/styles.css -> 200 in 2.61ms
2025-12-02 00:09:12,054 | INFO | fastapi-calculator | GET /static/auth.js -> 200 in 3.10ms
2025-12-02 00:09:12,205 | INFO | fastapi-calculator | POST /register -> 201 in 6.55ms
2025-12-02 00:09:12,313 | INFO | fastapi-calculator | GET /login -> 200 in 0.26ms
2025-12-02 00:09:12,388 | INFO | fastapi-calculator | POST /login -> 401 in 7.92ms
2025-12-02 00:09:18,489 | INFO | fastapi-calculator | GET /register -> 200 in 0.49ms
2025-12-02 00:09:18,497 | INFO | fastapi-calculator | GET /static/styles.css -> 200 in 1.90ms
2025-12-02 00:09:18,497 | INFO | fastapi-calculator | GET /static/auth.js -> 200 in 1.72ms
2025-12-02 00:09:18,639 | INFO | fastapi-calculator | POST /register -> 201 in 5.29ms
2025-12-02 00:09:18,661 | INFO | fastapi-calculator | GET /login -> 200 in 0.28ms
2025-12-02 00:09:18,736 | INFO | fastapi-calculator | POST /login -> 401 in 5.48ms
2025-12-02 00:11:43,590 | INFO | fastapi-calculator | GET /health -> 200 in 0.82ms
2025-12-02 00:11:43,595 | INFO | fastapi-calculator | GET /health -> 200 in 0.46ms
2025-12-02 00:11:44,881 | INFO | fastapi-calculator | GET / -> 200 in 0.57ms
2025-12-02 00:11:44,885 | INFO | fastapi-calculator | GET /register -> 200 in 0.71ms
2025-12-02 00:11:44,889 | INFO | fastapi-calculator | GET /static/script.js -> 200 in 1.36ms
2025-12-02 00:11:44,894 | INFO | fastapi-calculator | GET /static/styles.css -> 200 in 2.27ms
2025-12-02 00:11:44,895 | INFO | fastapi-calculator | GET /static/auth.js -> 200 in 2.12ms
2025-12-02 00:11:44,994 | INFO | fastapi-calculator | Add: 10.0 + 4.0 = 14.0
2025-12-02 00:11:44,995 | INFO | fastapi-calculator | POST /add -> 200 in 1.27ms
2025-12-02 00:11:45,042 | INFO | fastapi-calculator | Subtract: 10.0 - 4.0 = 6.0
2025-12-02 00:11:45,042 | INFO | fastapi-calculator | POST /subtract -> 200 in 1.23ms
2025-12-02 00:11:45,050 | INFO | fastapi-calculator | POST /register -> 201 in 6.77ms
2025-12-02 00:11:45,149 | INFO | fastapi-calculator | GET /register -> 200 in 0.57ms
2025-12-02 00:11:45,156 | INFO | fastapi-calculator | GET /static/styles.css -> 200 in 2.47ms
2025-12-02 00:11:45,157 | INFO | fastapi-calculator | GET /static/auth.js -> 200 in 2.62ms
2025-12-02 00:11:45,193 | INFO | fastapi-calculator | Multiply: 10.0 * 4.0 = 40.0
2025-12-02 00:11:45,193 | INFO | fastapi-calculator | POST /multiply -> 200 in 1.91ms
2025-12-02 00:11:45,239 | INFO | fastapi-calculator | Divide: 10.0 / 4.0 = 2.5
2025-12-02 00:11:45,240 | INFO | fastapi-calculator | POST /divide -> 200 in 1.22ms
2025-12-02 00:11:45,363 | INFO | fastapi-calculator | GET /register -> 200 in 0.61ms
2025-12-02 00:11:45,370 | INFO | fastapi-calculator | GET /static/styles.css -> 200 in 2.17ms
2025-12-02 00:11:45,371 | INFO | fastapi-calculator | GET /static/auth.js -> 200 in 1.82ms
2025-12-02 00:11:45,515 | INFO | fastapi-calculator | POST /register -> 201 in 5.84ms
2025-12-02 00:11:45,622 | INFO | fastapi-calculator | GET /login -> 200 in 0.28ms
2025-12-02 00:11:45,697 | INFO | fastapi-calculator | POST /login -> 401 in 6.15ms
2025-12-02 00:11:51,957 | INFO | fastapi-calculator | GET /register -> 200 in 0.44ms
2025-12-02 00:11:51,964 | INFO | fastapi-calculator | GET /static/styles.css -> 200 in 1.98ms
2025-12-02 00:11:51,965 | INFO | fastapi-calculator | GET /static/auth.js -> 200 in 2.18ms
2025-12-02 00:11:52,098 | INFO | fastapi-calculator | POST /register -> 201 in 4.93ms
2025-12-02 00:11:52,109 | INFO | fastapi-calculator | GET /login -> 200 in 0.27ms
2025-12-02 00:11:52,197 | INFO | fastapi-calculator | POST /login -> 401 in 6.04ms
2025-12-02 00:14:03,555 | INFO | fastapi-calculator | GET /health -> 200 in 0.70ms
2025-12-02 00:14:03,560 | INFO | fastapi-calculator | GET /health -> 200 in 0.51ms
2025-12-02 00:14:04,768 | INFO | fastapi-calculator | GET / -> 200 in 0.71ms
2025-12-02 00:14:04,769 | INFO | fastapi-calculator | GET /register -> 200 in 1.14ms
2025-12-02 00:14:04,776 | INFO | fastapi-calculator | GET /static/styles.css -> 200 in 2.55ms
2025-12-02 00:14:04,777 | INFO | fastapi-calculator | GET /static/script.js -> 200 in 3.36ms
2025-12-02 00:14:04,777 | INFO | fastapi-calculator | GET /static/auth.js -> 200 in 2.91ms
2025-12-02 00:14:04,888 | INFO | fastapi-calculator | Add: 10.0 + 4.0 = 14.0
2025-12-02 00:14:04,889 | INFO | fastapi-calculator | POST /add -> 200 in 1.24ms
2025-12-02 00:14:04,927 | INFO | fastapi-calculator | POST /register -> 201 in 6.35ms
2025-12-02 00:14:04,935 | INFO | fastapi-calculator | Subtract: 10.0 - 4.0 = 6.0
2025-12-02 00:14:04,936 | INFO | fastapi-calculator | POST /subtract -> 200 in 1.08ms
2025-12-02 00:14:05,006 | INFO | fastapi-calculator | GET /register -> 200 in 0.52ms
2025-12-02 00:14:05,012 | INFO | fastapi-calculator | GET /static/styles.css -> 200 in 1.64ms
2025-12-02 00:14:05,013 | INFO | fastapi-calculator | GET /static/auth.js -> 200 in 1.81ms
2025-12-02 00:14:05,084 | INFO | fastapi-calculator | Multiply: 10.0 * 4.0 = 40.0
2025-12-02 00:14:05,085 | INFO | fastapi-calculator | POST /multiply -> 200 in 1.40ms
2025-12-02 00:14:05,190 | INFO | fastapi-calculator | GET /register -> 200 in 0.45ms
2025-12-02 00:14:05,196 | INFO | fastapi-calculator | GET /static/styles.css -> 200 in 1.49ms
2025-12-02 00:14:05,196 | INFO | fastapi-calculator | GET /static/auth.js -> 200 in 1.73ms
2025-12-02 00:14:05,219 | INFO | fastapi-calculator | Divide: 10.0 / 4.0 = 2.5
2025-12-02 00:14:05,219 | INFO | fastapi-calculator | POST /divide -> 200 in 1.47ms
2025-12-02 00:14:05,324 | INFO | fastapi-calculator | POST /register -> 201 in 5.45ms
2025-12-02 00:14:05,435 | INFO | fastapi-calculator | GET /login -> 200 in 0.29ms
2025-12-02 00:14:05,506 | INFO | fastapi-calculator | POST /login -> 401 in 5.85ms
2025-12-02 00:14:36,278 | INFO | fastapi-calculator | GET /register -> 200 in 0.49ms
2025-12-02 00:14:36,285 | INFO | fastapi-calculator | GET /static/styles.css -> 200 in 2.04ms
2025-12-02 00:14:36,287 | INFO | fastapi-calculator | GET /static/auth.js -> 200 in 2.18ms
2025-12-02 00:14:36,411 | INFO | fastapi-calculator | POST /register -> 201 in 6.38ms
2025-12-02 00:14:36,419 | INFO | fastapi-calculator | GET /login -> 200 in 0.25ms
2025-12-02 00:14:36,506 | INFO | fastapi-calculator | POST /login -> 401 in 5.84ms
2025-12-02 00:16:54,269 | INFO | fastapi-calculator | POST /login -> 200 in 29.50ms
2025-12-02 00:17:06,697 | INFO | fastapi-calculator | GET /health -> 200 in 0.87ms
2025-12-02 00:17:06,703 | INFO | fastapi-calculator | GET /health -> 200 in 0.46ms
2025-12-02 00:17:07,889 | INFO | fastapi-calculator | GET / -> 200 in 0.76ms
2025-12-02 00:17:07,892 | INFO | fastapi-calculator | GET /register -> 200 in 0.47ms
2025-12-02 00:17:07,896 | INFO | fastapi-calculator | GET /static/script.js -> 200 in 1.11ms
2025-12-02 00:17:07,900 | INFO | fastapi-calculator | GET /static/styles.css -> 200 in 1.96ms
2025-12-02 00:17:07,902 | INFO | fastapi-calculator | GET /static/auth.js -> 200 in 2.35ms
2025-12-02 00:17:08,015 | INFO | fastapi-calculator | Add: 10.0 + 4.0 = 14.0
2025-12-02 00:17:08,016 | INFO | fastapi-calculator | POST /add -> 200 in 1.32ms
2025-12-02 00:17:08,062 | INFO | fastapi-calculator | Subtract: 10.0 - 4.0 = 6.0
2025-12-02 00:17:08,062 | INFO | fastapi-calculator | POST /subtract -> 200 in 1.22ms
2025-12-02 00:17:08,070 | INFO | fastapi-calculator | POST /register -> 201 in 5.42ms
2025-12-02 00:17:08,191 | INFO | fastapi-calculator | GET /register -> 200 in 0.50ms
2025-12-02 00:17:08,198 | INFO | fastapi-calculator | GET /static/styles.css -> 200 in 1.84ms
2025-12-02 00:17:08,199 | INFO | fastapi-calculator | GET /static/auth.js -> 200 in 2.22ms
2025-12-02 00:17:08,212 | INFO | fastapi-calculator | Multiply: 10.0 * 4.0 = 40.0
2025-12-02 00:17:08,212 | INFO | fastapi-calculator | POST /multiply -> 200 in 1.27ms
2025-12-02 00:17:08,261 | INFO | fastapi-calculator | Divide: 10.0 / 4.0 = 2.5
2025-12-02 00:17:08,261 | INFO | fastapi-calculator | POST /divide -> 200 in 1.28ms
2025-12-02 00:17:08,386 | INFO | fastapi-calculator | GET /register -> 200 in 0.58ms
2025-12-02 00:17:08,392 | INFO | fastapi-calculator | GET /static/styles.css -> 200 in 2.07ms
2025-12-02 00:17:08,394 | INFO | fastapi-calculator | GET /static/auth.js -> 200 in 2.30ms
2025-12-02 00:17:08,519 | INFO | fastapi-calculator | POST /register -> 201 in 6.18ms
2025-12-02 00:17:08,629 | INFO | fastapi-calculator | GET /login -> 200 in 0.27ms
2025-12-02 00:17:08,699 | INFO | fastapi-calculator | POST /login -> 401 in 5.63ms
2025-12-02 00:17:39,908 | INFO | fastapi-calculator | GET /register -> 200 in 0.90ms
2025-12-02 00:17:39,918 | INFO | fastapi-calculator | GET /static/styles.css -> 200 in 3.91ms
2025-12-02 00:17:39,919 | INFO | fastapi-calculator | GET /static/auth.js -> 200 in 3.47ms
2025-12-02 00:17:40,125 | INFO | fastapi-calculator | POST /register -> 201 in 7.31ms
2025-12-02 00:17:40,138 | INFO | fastapi-calculator | GET /login -> 200 in 0.48ms
2025-12-02 00:17:40,255 | INFO | fastapi-calculator | POST /login -> 401 in 8.96ms
2025-12-02 00:18:40,569 | INFO | fastapi-calculator | GET /health -> 200 in 0.60ms
2025-12-02 00:18:40,575 | INFO | fastapi-calculator | GET /health -> 200 in 0.57ms
2025-12-02 00:18:41,874 | INFO | fastapi-calculator | GET /register -> 200 in 0.75ms
2025-12-02 00:18:41,874 | INFO | fastapi-calculator | GET / -> 200 in 1.23ms
2025-12-02 00:18:41,881 | INFO | fastapi-calculator | GET /static/script.js -> 200 in 2.52ms
2025-12-02 00:18:41,882 | INFO | fastapi-calculator | GET /static/styles.css -> 200 in 2.97ms
2025-12-02 00:18:41,883 | INFO | fastapi-calculator | GET /static/auth.js -> 200 in 3.25ms
2025-12-02 00:18:41,994 | INFO | fastapi-calculator | Add: 10.0 + 4.0 = 14.0
2025-12-02 00:18:41,995 | INFO | fastapi-calculator | POST /add -> 200 in 1.21ms
2025-12-02 00:18:42,034 | INFO | fastapi-calculator | POST /register -> 201 in 6.71ms
2025-12-02 00:18:42,042 | INFO | fastapi-calculator | Subtract: 10.0 - 4.0 = 6.0
2025-12-02 00:18:42,043 | INFO | fastapi-calculator | POST /subtract -> 200 in 1.18ms
2025-12-02 00:18:42,129 | INFO | fastapi-calculator | GET /register -> 200 in 0.45ms
2025-12-02 00:18:42,136 | INFO | fastapi-calculator | GET /static/styles.css -> 200 in 1.60ms
2025-12-02 00:18:42,137 | INFO | fastapi-calculator | GET /static/auth.js -> 200 in 1.83ms
2025-12-02 00:18:42,174 | INFO | fastapi-calculator | Multiply: 10.0 * 4.0 = 40.0
2025-12-02 00:18:42,175 | INFO | fastapi-calculator | POST /multiply -> 200 in 1.15ms
2025-12-02 00:18:42,309 | INFO | fastapi-calculator | Divide: 10.0 / 4.0 = 2.5
2025-12-02 00:18:42,310 | INFO | fastapi-calculator | POST /divide -> 200 in 1.37ms
2025-12-02 00:18:42,349 | INFO | fastapi-calculator | GET /register -> 200 in 0.57ms
2025-12-02 00:18:42,359 | INFO | fastapi-calculator | GET /static/styles.css -> 200 in 3.10ms
2025-12-02 00:18:42,360 | INFO | fastapi-calculator | GET /static/auth.js -> 200 in 2.88ms
2025-12-02 00:18:42,483 | INFO | fastapi-calculator | POST /register -> 201 in 6.58ms
2025-12-02 00:18:42,591 | INFO | fastapi-calculator | GET /login -> 200 in 0.31ms
2025-12-02 00:18:42,664 | INFO | fastapi-calculator | POST /login -> 401 in 6.23ms
2025-12-02 00:18:42,748 | INFO | fastapi-calculator | GET /register -> 200 in 0.49ms
2025-12-02 00:18:42,754 | INFO | fastapi-calculator | GET /static/styles.css -> 200 in 1.66ms
2025-12-02 00:18:42,755 | INFO | fastapi-calculator | GET /static/auth.js -> 200 in 1.80ms
2025-12-02 00:18:42,883 | INFO | fastapi-calculator | POST /register -> 201 in 5.89ms
2025-12-02 00:18:42,993 | INFO | fastapi-calculator | GET /login -> 200 in 0.48ms
2025-12-02 00:18:43,081 | INFO | fastapi-calculator | POST /login -> 401 in 7.37ms
2025-12-02 00:24:03,100 | INFO | fastapi-calculator | GET /health -> 200 in 0.89ms
2025-12-02 00:24:03,106 | INFO | fastapi-calculator | GET /health -> 200 in 0.42ms
2025-12-02 00:24:04,649 | INFO | fastapi-calculator | GET / -> 200 in 2.22ms
2025-12-02 00:24:04,650 | INFO | fastapi-calculator | GET /register -> 200 in 2.84ms
2025-12-02 00:24:04,686 | INFO | fastapi-calculator | GET /static/styles.css -> 200 in 30.79ms
2025-12-02 00:24:04,687 | INFO | fastapi-calculator | GET /static/auth.js -> 200 in 29.81ms
2025-12-02 00:24:04,688 | INFO | fastapi-calculator | GET /static/script.js -> 200 in 32.25ms
2025-12-02 00:24:04,780 | INFO | fastapi-calculator | Add: 10.0 + 4.0 = 14.0
2025-12-02 00:24:04,780 | INFO | fastapi-calculator | POST /add -> 200 in 1.77ms
2025-12-02 00:24:04,851 | INFO | fastapi-calculator | POST /register -> 201 in 20.69ms
2025-12-02 00:24:04,910 | INFO | fastapi-calculator | Subtract: 10.0 - 4.0 = 6.0
2025-12-02 00:24:04,911 | INFO | fastapi-calculator | POST /subtract -> 200 in 1.13ms
2025-12-02 00:24:05,043 | INFO | fastapi-calculator | GET /register -> 200 in 0.55ms
2025-12-02 00:24:05,047 | INFO | fastapi-calculator | Multiply: 10.0 * 4.0 = 40.0
2025-12-02 00:24:05,048 | INFO | fastapi-calculator | POST /multiply -> 200 in 1.35ms
2025-12-02 00:24:05,051 | INFO | fastapi-calculator | GET /static/styles.css -> 200 in 1.83ms
2025-12-02 00:24:05,051 | INFO | fastapi-calculator | GET /static/auth.js -> 200 in 1.70ms
2025-12-02 00:24:05,178 | INFO | fastapi-calculator | Divide: 10.0 / 4.0 = 2.5
2025-12-02 00:24:05,179 | INFO | fastapi-calculator | POST /divide -> 200 in 1.19ms
2025-12-02 00:24:05,230 | INFO | fastapi-calculator | GET /register -> 200 in 0.45ms
2025-12-02 00:24:05,236 | INFO | fastapi-calculator | GET /static/styles.css -> 200 in 1.84ms
2025-12-02 00:24:05,236 | INFO | fastapi-calculator | GET /static/auth.js -> 200 in 1.69ms
2025-12-02 00:24:05,357 | INFO | fastapi-calculator | POST /register -> 201 in 7.36ms
2025-12-02 00:24:05,475 | INFO | fastapi-calculator | GET /login -> 200 in 0.26ms
2025-12-02 00:24:05,547 | INFO | fastapi-calculator | /login attempt email=user_1764653045218_2582@example.com
2025-12-02 00:24:05,550 | WARNING | fastapi-calculator | /login: no user found for email=user_1764653045218_2582@example.com
2025-12-02 00:24:05,552 | INFO | fastapi-calculator | POST /login -> 401 in 6.97ms
2025-12-02 00:24:36,499 | INFO | fastapi-calculator | GET /register -> 200 in 0.57ms
2025-12-02 00:24:36,507 | INFO | fastapi-calculator | GET /static/styles.css -> 200 in 2.60ms
2025-12-02 00:24:36,508 | INFO | fastapi-calculator | GET /static/auth.js -> 200 in 2.52ms
2025-12-02 00:24:36,689 | INFO | fastapi-calculator | POST /register -> 201 in 6.70ms
2025-12-02 00:24:36,698 | INFO | fastapi-calculator | GET /login -> 200 in 0.34ms
2025-12-02 00:24:36,780 | INFO | fastapi-calculator | /login attempt email=user_1764653076478_8174@example.com
2025-12-02 00:24:36,785 | WARNING | fastapi-calculator | /login: no user found for email=user_1764653076478_8174@example.com
2025-12-02 00:24:36,786 | INFO | fastapi-calculator | POST /login -> 401 in 7.99ms
2025-12-02 00:24:38,125 | INFO | fastapi-calculator | GET /login -> 200 in 0.44ms
2025-12-02 00:24:38,152 | INFO | fastapi-calculator | GET /static/styles.css -> 304 in 1.15ms
2025-12-02 00:24:38,155 | INFO | fastapi-calculator | GET /static/auth.js -> 200 in 1.18ms
2025-12-02 00:24:38,165 | INFO | fastapi-calculator | GET /.well-known/appspecific/com.chrome.devtools.json -> 404 in 0.38ms
2025-12-02 00:27:19,642 | INFO | fastapi-calculator | GET /register -> 200 in 1.13ms
2025-12-02 00:27:19,676 | INFO | fastapi-calculator | GET /.well-known/appspecific/com.chrome.devtools.json -> 404 in 0.97ms
2025-12-02 00:27:19,700 | INFO | fastapi-calculator | GET /static/auth.js -> 304 in 1.77ms
2025-12-02 00:27:28,940 | INFO | fastapi-calculator | POST /register -> 201 in 8.76ms
2025-12-02 00:27:32,063 | INFO | fastapi-calculator | GET /login -> 200 in 0.26ms
2025-12-02 00:27:32,107 | INFO | fastapi-calculator | GET /.well-known/appspecific/com.chrome.devtools.json -> 404 in 0.76ms
2025-12-02 00:27:38,668 | INFO | fastapi-calculator | /login attempt email=test@gmail.com
2025-12-02 00:27:38,696 | INFO | fastapi-calculator | /login: success for user_id=4
2025-12-02 00:27:38,699 | INFO | fastapi-calculator | POST /login -> 200 in 32.52ms
2025-12-02 00:27:57,221 | INFO | fastapi-calculator | GET /health -> 200 in 0.70ms
2025-12-02 00:27:57,228 | INFO | fastapi-calculator | GET /health -> 200 in 0.56ms
2025-12-02 00:27:58,526 | INFO | fastapi-calculator | GET / -> 200 in 2.44ms
2025-12-02 00:27:58,526 | INFO | fastapi-calculator | GET /register -> 200 in 3.03ms
2025-12-02 00:27:58,537 | INFO | fastapi-calculator | GET /static/script.js -> 200 in 4.79ms
2025-12-02 00:27:58,538 | INFO | fastapi-calculator | GET /static/styles.css -> 200 in 5.21ms
2025-12-02 00:27:58,540 | INFO | fastapi-calculator | GET /static/auth.js -> 200 in 4.82ms
2025-12-02 00:27:58,671 | INFO | fastapi-calculator | Add: 10.0 + 4.0 = 14.0
2025-12-02 00:27:58,672 | INFO | fastapi-calculator | POST /add -> 200 in 1.47ms
2025-12-02 00:27:58,701 | INFO | fastapi-calculator | POST /register -> 201 in 7.97ms
2025-12-02 00:27:58,720 | INFO | fastapi-calculator | Subtract: 10.0 - 4.0 = 6.0
2025-12-02 00:27:58,721 | INFO | fastapi-calculator | POST /subtract -> 200 in 1.58ms
2025-12-02 00:27:58,773 | INFO | fastapi-calculator | Multiply: 10.0 * 4.0 = 40.0
2025-12-02 00:27:58,774 | INFO | fastapi-calculator | POST /multiply -> 200 in 1.87ms
2025-12-02 00:27:58,833 | INFO | fastapi-calculator | GET /register -> 200 in 0.51ms
2025-12-02 00:27:58,837 | INFO | fastapi-calculator | Divide: 10.0 / 4.0 = 2.5
2025-12-02 00:27:58,838 | INFO | fastapi-calculator | POST /divide -> 200 in 1.82ms
2025-12-02 00:27:58,842 | INFO | fastapi-calculator | GET /static/styles.css -> 200 in 2.32ms
2025-12-02 00:27:58,843 | INFO | fastapi-calculator | GET /static/auth.js -> 200 in 2.01ms
2025-12-02 00:27:59,102 | INFO | fastapi-calculator | GET /register -> 200 in 0.95ms
2025-12-02 00:27:59,113 | INFO | fastapi-calculator | GET /static/styles.css -> 200 in 2.87ms
2025-12-02 00:27:59,115 | INFO | fastapi-calculator | GET /static/auth.js -> 200 in 3.66ms
2025-12-02 00:27:59,259 | INFO | fastapi-calculator | POST /register -> 201 in 4.85ms
2025-12-02 00:27:59,367 | INFO | fastapi-calculator | GET /login -> 200 in 0.26ms
2025-12-02 00:27:59,438 | INFO | fastapi-calculator | /login attempt email=user_1764653279093_9529@example.com
2025-12-02 00:27:59,441 | WARNING | fastapi-calculator | /login: no user found for email=user_1764653279093_9529@example.com
2025-12-02 00:27:59,443 | INFO | fastapi-calculator | POST /login -> 401 in 6.30ms
2025-12-02 00:31:40,177 | INFO | fastapi-calculator | GET /health -> 200 in 0.87ms
2025-12-02 00:31:40,183 | INFO | fastapi-calculator | GET /health -> 200 in 0.39ms
2025-12-02 00:31:41,656 | INFO | fastapi-calculator | GET /register -> 200 in 2.40ms
2025-12-02 00:31:41,657 | INFO | fastapi-calculator | GET / -> 200 in 3.01ms
2025-12-02 00:31:41,694 | INFO | fastapi-calculator | GET /static/styles.css -> 200 in 32.08ms
2025-12-02 00:31:41,695 | INFO | fastapi-calculator | GET /static/auth.js -> 200 in 30.99ms
2025-12-02 00:31:41,695 | INFO | fastapi-calculator | GET /static/script.js -> 200 in 33.25ms
2025-12-02 00:31:41,781 | INFO | fastapi-calculator | Add: 10.0 + 4.0 = 14.0
2025-12-02 00:31:41,781 | INFO | fastapi-calculator | POST /add -> 200 in 2.10ms
2025-12-02 00:31:41,825 | INFO | fastapi-calculator | Subtract: 10.0 - 4.0 = 6.0
2025-12-02 00:31:41,825 | INFO | fastapi-calculator | POST /subtract -> 200 in 1.27ms
2025-12-02 00:31:41,844 | INFO | fastapi-calculator | POST /register -> ERR in 17.28ms
2025-12-02 00:31:41,960 | INFO | fastapi-calculator | Multiply: 10.0 * 4.0 = 40.0
2025-12-02 00:31:41,961 | INFO | fastapi-calculator | POST /multiply -> 200 in 1.81ms
2025-12-02 00:31:42,108 | INFO | fastapi-calculator | Divide: 10.0 / 4.0 = 2.5
2025-12-02 00:31:42,109 | INFO | fastapi-calculator | POST /divide -> 200 in 1.05ms
2025-12-02 00:31:47,889 | INFO | fastapi-calculator | GET /register -> 200 in 0.37ms
2025-12-02 00:31:47,894 | INFO | fastapi-calculator | GET /static/styles.css -> 200 in 1.40ms
2025-12-02 00:31:47,895 | INFO | fastapi-calculator | GET /static/auth.js -> 200 in 1.68ms
2025-12-02 00:31:48,098 | INFO | fastapi-calculator | GET /register -> 200 in 0.54ms
2025-12-02 00:31:48,104 | INFO | fastapi-calculator | GET /static/styles.css -> 200 in 1.64ms
2025-12-02 00:31:48,105 | INFO | fastapi-calculator | GET /static/auth.js -> 200 in 1.56ms
2025-12-02 00:31:48,240 | INFO | fastapi-calculator | POST /register -> ERR in 8.81ms
2025-12-02 00:31:54,315 | INFO | fastapi-calculator | GET /register -> 200 in 0.55ms
2025-12-02 00:31:54,323 | INFO | fastapi-calculator | GET /static/styles.css -> 200 in 2.81ms
2025-12-02 00:31:54,324 | INFO | fastapi-calculator | GET /static/auth.js -> 200 in 1.84ms
2025-12-02 00:31:54,488 | INFO | fastapi-calculator | POST /register -> ERR in 5.44ms
2025-12-02 00:33:59,260 | INFO | fastapi-calculator | GET /health -> 200 in 0.66ms
2025-12-02 00:33:59,266 | INFO | fastapi-calculator | GET /health -> 200 in 0.43ms
2025-12-02 00:34:01,039 | INFO | fastapi-calculator | GET /register -> 200 in 3.08ms
2025-12-02 00:34:01,040 | INFO | fastapi-calculator | GET / -> 200 in 3.84ms
2025-12-02 00:34:01,078 | INFO | fastapi-calculator | GET /static/script.js -> 200 in 32.69ms
2025-12-02 00:34:01,079 | INFO | fastapi-calculator | GET /static/auth.js -> 200 in 31.07ms
2025-12-02 00:34:01,080 | INFO | fastapi-calculator | GET /static/styles.css -> 200 in 33.86ms
2025-12-02 00:34:01,192 | INFO | fastapi-calculator | Add: 10.0 + 4.0 = 14.0
2025-12-02 00:34:01,192 | INFO | fastapi-calculator | POST /add -> 200 in 2.24ms
2025-12-02 00:34:01,240 | INFO | fastapi-calculator | Subtract: 10.0 - 4.0 = 6.0
2025-12-02 00:34:01,240 | INFO | fastapi-calculator | POST /subtract -> 200 in 1.83ms
2025-12-02 00:34:01,274 | INFO | fastapi-calculator | POST /register -> 201 in 31.89ms
2025-12-02 00:34:01,372 | INFO | fastapi-calculator | Multiply: 10.0 * 4.0 = 40.0
2025-12-02 00:34:01,372 | INFO | fastapi-calculator | POST /multiply -> 200 in 1.32ms
2025-12-02 00:34:01,423 | INFO | fastapi-calculator | Divide: 10.0 / 4.0 = 2.5
2025-12-02 00:34:01,424 | INFO | fastapi-calculator | POST /divide -> 200 in 1.61ms
2025-12-02 00:34:01,466 | INFO | fastapi-calculator | GET /register -> 200 in 1.09ms
2025-12-02 00:34:01,474 | INFO | fastapi-calculator | GET /static/auth.js -> 200 in 1.32ms
2025-12-02 00:34:01,474 | INFO | fastapi-calculator | GET /static/styles.css -> 200 in 2.79ms
2025-12-02 00:34:01,710 | INFO | fastapi-calculator | GET /register -> 200 in 0.51ms
2025-12-02 00:34:01,718 | INFO | fastapi-calculator | GET /static/styles.css -> 200 in 2.89ms
2025-12-02 00:34:01,719 | INFO | fastapi-calculator | GET /static/auth.js -> 200 in 3.13ms
2025-12-02 00:34:01,862 | INFO | fastapi-calculator | POST /register -> 201 in 6.34ms
2025-12-02 00:34:01,974 | INFO | fastapi-calculator | GET /login -> 200 in 0.31ms
2025-12-02 00:34:02,060 | INFO | fastapi-calculator | /login attempt email=user_1764653641703_8125@example.com
2025-12-02 00:34:02,065 | WARNING | fastapi-calculator | /login: no user found for email=user_1764653641703_8125@example.com
2025-12-02 00:34:02,067 | INFO | fastapi-calculator | POST /login -> 401 in 10.47ms
2025-12-02 00:34:08,323 | INFO | fastapi-calculator | GET /register -> 200 in 0.54ms
2025-12-02 00:34:08,329 | INFO | fastapi-calculator | GET /static/auth.js -> 200 in 1.02ms
2025-12-02 00:34:08,329 | INFO | fastapi-calculator | GET /static/styles.css -> 200 in 2.24ms
2025-12-02 00:34:08,501 | INFO | fastapi-calculator | POST /register -> 201 in 7.94ms
2025-12-02 00:34:08,512 | INFO | fastapi-calculator | GET /login -> 200 in 0.30ms
2025-12-02 00:34:08,606 | INFO | fastapi-calculator | /login attempt email=user_1764653648311_9425@example.com
2025-12-02 00:34:08,609 | WARNING | fastapi-calculator | /login: no user found for email=user_1764653648311_9425@example.com
2025-12-02 00:34:08,610 | INFO | fastapi-calculator | POST /login -> 401 in 5.93ms
2025-12-02 00:35:54,144 | INFO | fastapi-calculator | GET /health -> 200 in 0.92ms
2025-12-02 00:35:54,150 | INFO | fastapi-calculator | GET /health -> 200 in 0.54ms
2025-12-02 00:35:55,426 | INFO | fastapi-calculator | GET / -> 200 in 0.56ms
2025-12-02 00:35:55,430 | INFO | fastapi-calculator | GET /register -> 200 in 0.49ms
2025-12-02 00:35:55,433 | INFO | fastapi-calculator | GET /static/script.js -> 200 in 1.24ms
2025-12-02 00:35:55,438 | INFO | fastapi-calculator | GET /static/styles.css -> 200 in 2.05ms
2025-12-02 00:35:55,439 | INFO | fastapi-calculator | GET /static/auth.js -> 200 in 2.15ms
2025-12-02 00:35:55,536 | INFO | fastapi-calculator | Add: 10.0 + 4.0 = 14.0
2025-12-02 00:35:55,536 | INFO | fastapi-calculator | POST /add -> 200 in 1.16ms
2025-12-02 00:35:55,577 | INFO | fastapi-calculator | POST /register -> 201 in 7.24ms
2025-12-02 00:35:55,584 | INFO | fastapi-calculator | Subtract: 10.0 - 4.0 = 6.0
2025-12-02 00:35:55,585 | INFO | fastapi-calculator | POST /subtract -> 200 in 1.21ms
2025-12-02 00:35:55,661 | INFO | fastapi-calculator | GET /register -> 200 in 0.44ms
2025-12-02 00:35:55,669 | INFO | fastapi-calculator | GET /static/styles.css -> 200 in 2.86ms
2025-12-02 00:35:55,670 | INFO | fastapi-calculator | GET /static/auth.js -> 200 in 2.81ms
2025-12-02 00:35:55,718 | INFO | fastapi-calculator | Multiply: 10.0 * 4.0 = 40.0
2025-12-02 00:35:55,718 | INFO | fastapi-calculator | POST /multiply -> 200 in 1.57ms
2025-12-02 00:35:55,870 | INFO | fastapi-calculator | Divide: 10.0 / 4.0 = 2.5
2025-12-02 00:35:55,871 | INFO | fastapi-calculator | POST /divide -> 200 in 1.67ms
2025-12-02 00:35:55,901 | INFO | fastapi-calculator | GET /register -> 200 in 0.57ms
2025-12-02 00:35:55,908 | INFO | fastapi-calculator | GET /static/styles.css -> 200 in 1.89ms
2025-12-02 00:35:55,909 | INFO | fastapi-calculator | GET /static/auth.js -> 200 in 2.14ms
2025-12-02 00:35:56,046 | INFO | fastapi-calculator | POST /register -> 201 in 7.66ms
2025-12-02 00:35:56,166 | INFO | fastapi-calculator | GET /login -> 200 in 0.32ms
2025-12-02 00:35:56,251 | INFO | fastapi-calculator | /login attempt email=user_1764653755896_7831@example.com
2025-12-02 00:35:56,254 | WARNING | fastapi-calculator | /login: no user found for email=user_1764653755896_7831@example.com
2025-12-02 00:35:56,256 | INFO | fastapi-calculator | POST /login -> 401 in 6.33ms
2025-12-02 00:35:56,325 | INFO | fastapi-calculator | GET /register -> 200 in 0.47ms
2025-12-02 00:35:56,331 | INFO | fastapi-calculator | GET /static/styles.css -> 200 in 1.97ms
2025-12-02 00:35:56,332 | INFO | fastapi-calculator | GET /static/auth.js -> 200 in 2.17ms
2025-12-02 00:35:56,455 | INFO | fastapi-calculator | POST /register -> 201 in 5.12ms
2025-12-02 00:35:56,572 | INFO | fastapi-calculator | GET /login -> 200 in 0.28ms
2025-12-02 00:35:56,651 | INFO | fastapi-calculator | /login attempt email=user_1764653756321_4953@example.com
2025-12-02 00:35:56,654 | WARNING | fastapi-calculator | /login: no user found for email=user_1764653756321_4953@example.com
2025-12-02 00:35:56,656 | INFO | fastapi-calculator | POST /login -> 401 in 5.81ms
2025-12-02 00:38:58,118 | INFO | fastapi-calculator | GET /register -> 200 in 0.53ms
2025-12-02 00:38:58,166 | INFO | fastapi-calculator | GET /.well-known/appspecific/com.chrome.devtools.json -> 404 in 0.55ms
2025-12-02 00:38:58,171 | INFO | fastapi-calculator | GET /static/auth.js -> 304 in 2.43ms
2025-12-02 00:39:11,246 | INFO | fastapi-calculator | GET /health -> 200 in 0.51ms
2025-12-02 00:39:11,251 | INFO | fastapi-calculator | GET /health -> 200 in 0.37ms
2025-12-02 00:39:12,324 | INFO | fastapi-calculator | GET /register -> 200 in 0.45ms
2025-12-02 00:39:12,331 | INFO | fastapi-calculator | GET /static/styles.css -> 200 in 2.01ms
2025-12-02 00:39:12,332 | INFO | fastapi-calculator | GET /static/auth.js -> 200 in 3.03ms
2025-12-02 00:39:12,334 | INFO | fastapi-calculator | GET / -> 200 in 0.33ms
2025-12-02 00:39:12,339 | INFO | fastapi-calculator | GET /static/script.js -> 200 in 0.96ms
2025-12-02 00:39:12,444 | INFO | fastapi-calculator | Add: 10.0 + 4.0 = 14.0
2025-12-02 00:39:12,444 | INFO | fastapi-calculator | POST /add -> 200 in 1.01ms
2025-12-02 00:39:12,483 | INFO | fastapi-calculator | POST /register -> 201 in 5.68ms
2025-12-02 00:39:12,555 | INFO | fastapi-calculator | GET /register -> 200 in 0.47ms
2025-12-02 00:39:12,560 | INFO | fastapi-calculator | GET /static/styles.css -> 200 in 1.73ms
2025-12-02 00:39:12,561 | INFO | fastapi-calculator | GET /static/auth.js -> 200 in 1.57ms
2025-12-02 00:39:12,594 | INFO | fastapi-calculator | Subtract: 10.0 - 4.0 = 6.0
2025-12-02 00:39:12,594 | INFO | fastapi-calculator | POST /subtract -> 200 in 1.22ms
2025-12-02 00:39:12,726 | INFO | fastapi-calculator | Multiply: 10.0 * 4.0 = 40.0
2025-12-02 00:39:12,726 | INFO | fastapi-calculator | POST /multiply -> 200 in 1.46ms
2025-12-02 00:39:12,750 | INFO | fastapi-calculator | GET /register -> 200 in 0.43ms
2025-12-02 00:39:12,757 | INFO | fastapi-calculator | GET /static/styles.css -> 200 in 2.00ms
2025-12-02 00:39:12,757 | INFO | fastapi-calculator | GET /static/auth.js -> 200 in 1.94ms
2025-12-02 00:39:12,775 | INFO | fastapi-calculator | Divide: 10.0 / 4.0 = 2.5
2025-12-02 00:39:12,775 | INFO | fastapi-calculator | POST /divide -> 200 in 1.07ms
2025-12-02 00:39:12,864 | INFO | fastapi-calculator | POST /register -> 201 in 5.06ms
2025-12-02 00:39:12,971 | INFO | fastapi-calculator | GET /login -> 200 in 0.36ms
2025-12-02 00:39:13,043 | INFO | fastapi-calculator | /login attempt email=user_1764653952744_3871@example.com
2025-12-02 00:39:13,045 | WARNING | fastapi-calculator | /login: no user found for email=user_1764653952744_3871@example.com
2025-12-02 00:39:13,046 | INFO | fastapi-calculator | POST /login -> 401 in 5.01ms
2025-12-02 00:39:13,110 | INFO | fastapi-calculator | GET /register -> 200 in 0.45ms
2025-12-02 00:39:13,116 | INFO | fastapi-calculator | GET /static/styles.css -> 200 in 2.03ms
2025-12-02 00:39:13,116 | INFO | fastapi-calculator | GET /static/auth.js -> 200 in 1.49ms
2025-12-02 00:39:13,214 | INFO | fastapi-calculator | POST /register -> 201 in 4.80ms
2025-12-02 00:39:13,326 | INFO | fastapi-calculator | GET /login -> 200 in 0.26ms
2025-12-02 00:39:13,392 | INFO | fastapi-calculator | /login attempt email=user_1764653953105_9107@example.com
2025-12-02 00:39:13,394 | WARNING | fastapi-calculator | /login: no user found for email=user_1764653953105_9107@example.com
2025-12-02 00:39:13,396 | INFO | fastapi-calculator | POST /login -> 401 in 5.43ms
2025-12-02 00:40:11,469 | INFO | fastapi-calculator | POST /register -> 201 in 7.29ms
2025-12-02 00:40:25,218 | INFO | fastapi-calculator | GET /login -> 200 in 0.56ms
2025-12-02 00:40:29,429 | INFO | fastapi-calculator | /login attempt email=test@gmail.com
2025-12-02 00:40:29,453 | INFO | fastapi-calculator | /login: success for user_id=4
2025-12-02 00:40:29,456 | INFO | fastapi-calculator | POST /login -> 200 in 27.18ms
2025-12-02 00:40:54,019 | INFO | fastapi-calculator | /login attempt email=test1@gmail.com
2025-12-02 00:40:54,023 | WARNING | fastapi-calculator | /login: no user found for email=test1@gmail.com
2025-12-02 00:40:54,026 | INFO | fastapi-calculator | POST /login -> 401 in 8.98ms
2025-12-02 00:41:16,435 | INFO | fastapi-calculator | POST /register -> 201 in 65.96ms
2025-12-02 00:41:47,377 | INFO | fastapi-calculator | /login attempt email=test2@gmail.com
2025-12-02 00:41:47,402 | INFO | fastapi-calculator | /login: success for user_id=5
2025-12-02 00:41:47,406 | INFO | fastapi-calculator | POST /login -> 200 in 29.88ms
2025-12-02 00:46:20,182 | INFO | fastapi-calculator | GET /health -> 200 in 1.46ms
2025-12-02 00:46:20,188 | INFO | fastapi-calculator | Add: 2.0 + 3.0 = 5.0
2025-12-02 00:46:20,189 | INFO | fastapi-calculator | POST /add -> 200 in 1.35ms
2025-12-02 00:46:20,204 | INFO | fastapi-calculator | Subtract: 5.0 - 2.0 = 3.0
2025-12-02 00:46:20,204 | INFO | fastapi-calculator | POST /subtract -> 200 in 0.73ms
2025-12-02 00:46:20,209 | INFO | fastapi-calculator | Multiply: 3.0 * 4.0 = 12.0
2025-12-02 00:46:20,209 | INFO | fastapi-calculator | POST /multiply -> 200 in 0.82ms
2025-12-02 00:46:20,213 | INFO | fastapi-calculator | Divide: 8.0 / 4.0 = 2.0
2025-12-02 00:46:20,213 | INFO | fastapi-calculator | POST /divide -> 200 in 0.73ms
2025-12-02 00:46:20,217 | WARNING | fastapi-calculator | Divide by zero: a=1.0 b=0.0
2025-12-02 00:46:20,217 | INFO | fastapi-calculator | POST /divide -> 400 in 0.57ms
2025-12-02 00:46:20,540 | INFO | fastapi-calculator | POST /calculations -> 201 in 23.26ms
2025-12-02 00:46:20,551 | INFO | fastapi-calculator | GET /calculations -> 200 in 6.42ms
2025-12-02 00:46:20,567 | INFO | fastapi-calculator | POST /calculations -> 201 in 11.74ms
2025-12-02 00:46:20,576 | INFO | fastapi-calculator | GET /calculations/2 -> 200 in 6.28ms
2025-12-02 00:46:20,598 | INFO | fastapi-calculator | PUT /calculations/2 -> 200 in 19.16ms
2025-12-02 00:46:20,615 | INFO | fastapi-calculator | DELETE /calculations/2 -> 204 in 13.15ms
2025-12-02 00:46:20,623 | INFO | fastapi-calculator | GET /calculations/2 -> 404 in 5.01ms
2025-12-02 00:46:20,630 | INFO | fastapi-calculator | POST /calculations -> 422 in 2.61ms
2025-12-02 00:46:20,921 | INFO | fastapi-calculator | POST /users/register -> 201 in 38.68ms
2025-12-02 00:46:20,946 | INFO | fastapi-calculator | POST /users/login -> 200 in 20.67ms
2025-12-02 00:46:20,968 | INFO | fastapi-calculator | POST /users/login -> 401 in 18.38ms
2025-12-02 01:03:26,481 | INFO | fastapi-calculator | GET /health -> 200 in 1.23ms
2025-12-02 01:03:26,487 | INFO | fastapi-calculator | GET /health -> 200 in 0.61ms
2025-12-02 01:03:27,583 | INFO | fastapi-calculator | GET /register -> 200 in 0.60ms
2025-12-02 01:03:27,623 | INFO | fastapi-calculator | GET /static/styles.css -> 200 in 34.83ms
2025-12-02 01:03:27,625 | INFO | fastapi-calculator | GET /static/auth.js -> 200 in 35.49ms
2025-12-02 01:03:27,647 | INFO | fastapi-calculator | GET / -> 200 in 3.60ms
2025-12-02 01:03:27,655 | INFO | fastapi-calculator | GET /static/script.js -> 200 in 1.83ms
2025-12-02 01:03:27,769 | INFO | fastapi-calculator | Add: 10.0 + 4.0 = 14.0
2025-12-02 01:03:27,770 | INFO | fastapi-calculator | POST /add -> 200 in 2.18ms
2025-12-02 01:03:27,817 | INFO | fastapi-calculator | Subtract: 10.0 - 4.0 = 6.0
2025-12-02 01:03:27,818 | INFO | fastapi-calculator | POST /subtract -> 200 in 1.21ms
2025-12-02 01:03:27,850 | INFO | fastapi-calculator | POST /register -> 201 in 62.67ms
2025-12-02 01:03:27,949 | INFO | fastapi-calculator | Multiply: 10.0 * 4.0 = 40.0
2025-12-02 01:03:27,949 | INFO | fastapi-calculator | POST /multiply -> 200 in 1.14ms
2025-12-02 01:03:27,973 | INFO | fastapi-calculator | GET /register -> 200 in 0.50ms
2025-12-02 01:03:27,980 | INFO | fastapi-calculator | GET /static/styles.css -> 200 in 1.65ms
2025-12-02 01:03:27,981 | INFO | fastapi-calculator | GET /static/auth.js -> 200 in 1.73ms
2025-12-02 01:03:28,084 | INFO | fastapi-calculator | Divide: 10.0 / 4.0 = 2.5
2025-12-02 01:03:28,085 | INFO | fastapi-calculator | POST /divide -> 200 in 1.35ms
2025-12-02 01:03:28,207 | INFO | fastapi-calculator | GET /register -> 200 in 0.60ms
2025-12-02 01:03:28,217 | INFO | fastapi-calculator | GET /static/styles.css -> 200 in 3.15ms
2025-12-02 01:03:28,218 | INFO | fastapi-calculator | GET /static/auth.js -> 200 in 2.30ms
2025-12-02 01:03:28,380 | INFO | fastapi-calculator | POST /register -> 201 in 29.36ms
2025-12-02 01:03:28,465 | INFO | fastapi-calculator | GET /login -> 200 in 0.26ms
2025-12-02 01:03:28,536 | INFO | fastapi-calculator | /login attempt email=user_1764655408202_6666@example.com
2025-12-02 01:03:28,558 | INFO | fastapi-calculator | /login: success for user_id=2
2025-12-02 01:03:28,560 | INFO | fastapi-calculator | POST /login -> 200 in 27.64ms
2025-12-02 01:03:28,601 | INFO | fastapi-calculator | GET /register -> 200 in 0.51ms
2025-12-02 01:03:28,608 | INFO | fastapi-calculator | GET /static/styles.css -> 200 in 1.70ms
2025-12-02 01:03:28,609 | INFO | fastapi-calculator | GET /static/auth.js -> 200 in 1.81ms
2025-12-02 01:03:28,742 | INFO | fastapi-calculator | POST /register -> 201 in 25.54ms
2025-12-02 01:03:28,842 | INFO | fastapi-calculator | GET /login -> 200 in 0.28ms
2025-12-02 01:03:28,919 | INFO | fastapi-calculator | /login attempt email=user_1764655408596_4212@example.com
2025-12-02 01:03:28,934 | WARNING | fastapi-calculator | /login: bad password for user_id=3
2025-12-02 01:03:28,937 | INFO | fastapi-calculator | POST /login -> 401 in 19.37ms
2025-12-07 16:32:38,316 | INFO | fastapi-calculator | GET / -> 200 in 63.68ms
2025-12-07 16:32:38,400 | INFO | fastapi-calculator | GET /static/script.js -> 200 in 59.30ms
2025-12-07 16:32:38,749 | INFO | fastapi-calculator | GET /favicon.ico -> 404 in 0.54ms
2025-12-07 16:32:52,701 | INFO | fastapi-calculator | GET / -> 200 in 0.65ms
2025-12-07 16:32:55,235 | INFO | fastapi-calculator | GET /register -> 200 in 0.61ms
2025-12-07 16:32:55,339 | INFO | fastapi-calculator | GET /static/styles.css -> 200 in 2.94ms
2025-12-07 16:32:55,340 | INFO | fastapi-calculator | GET /static/auth.js -> 200 in 3.63ms
2025-12-07 16:33:08,440 | INFO | fastapi-calculator | POST /register -> 201 in 115.79ms
2025-12-07 16:33:09,313 | INFO | fastapi-calculator | GET /login -> 200 in 0.45ms
2025-12-07 16:33:13,565 | INFO | fastapi-calculator | /login attempt email=test@gmail.com
2025-12-07 16:33:13,587 | INFO | fastapi-calculator | /login: success for user_id=4
2025-12-07 16:33:13,590 | INFO | fastapi-calculator | POST /login -> 200 in 28.00ms
2025-12-07 16:33:22,448 | INFO | fastapi-calculator | GET /calculations-ui -> 200 in 31.30ms
2025-12-07 16:33:22,470 | INFO | fastapi-calculator | GET /static/calculations.js -> 200 in 1.39ms
2025-12-07 16:33:22,521 | INFO | fastapi-calculator | GET /calculations -> 200 in 10.52ms
2025-12-07 16:35:07,318 | INFO | fastapi-calculator | GET /calculations-ui -> 200 in 27.00ms
2025-12-07 16:35:07,340 | INFO | fastapi-calculator | GET /static/calculations.js -> 304 in 1.71ms
2025-12-07 16:35:07,377 | INFO | fastapi-calculator | GET /calculations -> 200 in 7.76ms
2025-12-07 16:36:05,763 | INFO | fastapi-calculator | GET /calculations-ui -> 200 in 1.02ms
2025-12-07 16:36:05,784 | INFO | fastapi-calculator | GET /static/calculations.js -> 304 in 1.37ms
2025-12-07 16:36:05,822 | INFO | fastapi-calculator | GET /calculations -> 200 in 6.83ms
2025-12-07 16:36:06,492 | INFO | fastapi-calculator | GET /calculations-ui -> 200 in 0.63ms
2025-12-07 16:36:06,536 | INFO | fastapi-calculator | GET /calculations -> 200 in 6.31ms
2025-12-07 16:36:06,931 | INFO | fastapi-calculator | GET /calculations-ui -> 200 in 0.53ms
2025-12-07 16:36:06,971 | INFO | fastapi-calculator | GET /calculations -> 200 in 6.25ms
2025-12-07 16:36:07,327 | INFO | fastapi-calculator | GET /calculations-ui -> 200 in 0.63ms
2025-12-07 16:36:07,387 | INFO | fastapi-calculator | GET /calculations -> 200 in 12.89ms
2025-12-07 16:36:08,328 | INFO | fastapi-calculator | GET /calculations-ui -> 200 in 0.84ms
2025-12-07 16:36:08,387 | INFO | fastapi-calculator | GET /calculations -> 200 in 9.50ms
2025-12-07 16:36:08,906 | INFO | fastapi-calculator | GET /calculations-ui -> 200 in 0.65ms
2025-12-07 16:36:09,224 | INFO | fastapi-calculator | GET /calculations -> 200 in 10.06ms
2025-12-07 16:36:09,280 | INFO | fastapi-calculator | GET /calculations-ui -> 200 in 0.60ms
2025-12-07 16:36:09,387 | INFO | fastapi-calculator | GET /calculations -> 200 in 11.76ms
2025-12-07 16:36:09,693 | INFO | fastapi-calculator | GET /calculations-ui -> 200 in 0.68ms
2025-12-07 16:36:09,758 | INFO | fastapi-calculator | GET /calculations -> 200 in 8.88ms
2025-12-07 16:36:14,968 | INFO | fastapi-calculator | GET /calculations-ui -> 200 in 0.61ms
2025-12-07 16:36:15,014 | INFO | fastapi-calculator | GET /calculations -> 200 in 7.04ms
2025-12-07 16:36:15,747 | INFO | fastapi-calculator | GET /calculations-ui -> 200 in 0.64ms
2025-12-07 16:36:15,784 | INFO | fastapi-calculator | GET /calculations -> 200 in 9.56ms
2025-12-07 16:36:24,810 | INFO | fastapi-calculator | GET /calculations-ui -> 200 in 4.20ms
2025-12-07 16:36:24,846 | INFO | fastapi-calculator | GET /calculations -> 200 in 14.85ms
2025-12-07 16:36:25,571 | INFO | fastapi-calculator | GET /calculations-ui -> 200 in 0.89ms
2025-12-07 16:36:25,616 | INFO | fastapi-calculator | GET /calculations -> 200 in 5.95ms
2025-12-07 16:36:25,846 | INFO | fastapi-calculator | GET /calculations-ui -> 200 in 0.72ms
2025-12-07 16:36:25,889 | INFO | fastapi-calculator | GET /calculations -> 200 in 6.74ms
2025-12-07 16:36:26,128 | INFO | fastapi-calculator | GET /calculations-ui -> 200 in 0.57ms
2025-12-07 16:36:26,174 | INFO | fastapi-calculator | GET /calculations -> 200 in 6.71ms
2025-12-07 16:36:26,303 | INFO | fastapi-calculator | GET /calculations-ui -> 200 in 0.82ms
2025-12-07 16:36:26,344 | INFO | fastapi-calculator | GET /calculations -> 200 in 6.05ms
2025-12-07 16:36:29,725 | INFO | fastapi-calculator | GET /calculations-ui -> 200 in 0.80ms
2025-12-07 16:36:29,768 | INFO | fastapi-calculator | GET /calculations -> 200 in 7.27ms
2025-12-07 16:36:30,464 | INFO | fastapi-calculator | GET /calculations-ui -> 200 in 0.72ms
2025-12-07 16:36:30,498 | INFO | fastapi-calculator | GET /calculations -> 200 in 6.15ms
2025-12-07 16:36:32,499 | INFO | fastapi-calculator | GET /calculations -> 200 in 5.62ms
2025-12-07 16:36:32,800 | INFO | fastapi-calculator | GET /calculations -> 200 in 5.09ms
2025-12-07 16:36:45,238 | INFO | fastapi-calculator | GET /calculations-ui -> 200 in 0.56ms
2025-12-07 16:36:45,299 | INFO | fastapi-calculator | GET /static/calculations.js -> 304 in 44.23ms
2025-12-07 16:36:45,332 | INFO | fastapi-calculator | GET /calculations -> 200 in 5.97ms
2025-12-07 16:36:47,698 | INFO | fastapi-calculator | GET /.well-known/appspecific/com.chrome.devtools.json -> 404 in 0.28ms
2025-12-07 16:37:39,035 | INFO | fastapi-calculator | GET / -> 200 in 6.01ms
2025-12-07 16:37:39,101 | INFO | fastapi-calculator | GET /.well-known/appspecific/com.chrome.devtools.json -> 404 in 0.61ms
2025-12-07 16:37:42,922 | INFO | fastapi-calculator | GET /calculations-ui -> 200 in 1.56ms
2025-12-07 16:37:42,961 | INFO | fastapi-calculator | GET /.well-known/appspecific/com.chrome.devtools.json -> 404 in 0.78ms
2025-12-07 16:37:43,012 | INFO | fastapi-calculator | GET /static/calculations.js -> 304 in 40.10ms
2025-12-07 16:37:43,057 | INFO | fastapi-calculator | GET /calculations -> 200 in 15.10ms
2025-12-07 16:38:16,680 | INFO | fastapi-calculator | GET /calculations-ui -> 200 in 21.59ms
2025-12-07 16:38:16,716 | INFO | fastapi-calculator | GET /.well-known/appspecific/com.chrome.devtools.json -> 404 in 0.71ms
2025-12-07 16:38:16,818 | INFO | fastapi-calculator | GET /calculations -> 200 in 23.78ms
2025-12-07 16:38:37,772 | INFO | fastapi-calculator | GET /calculations-ui -> 200 in 2.91ms
2025-12-07 16:38:37,828 | INFO | fastapi-calculator | GET /static/calculations.js -> 304 in 36.33ms
2025-12-07 16:38:37,829 | INFO | fastapi-calculator | GET /.well-known/appspecific/com.chrome.devtools.json -> 404 in 0.37ms
2025-12-07 16:38:37,879 | INFO | fastapi-calculator | GET /calculations -> 200 in 15.25ms
2025-12-07 16:45:49,813 | INFO | fastapi-calculator | GET /calculations-ui -> 200 in 3.11ms
2025-12-07 16:45:49,892 | INFO | fastapi-calculator | GET /static/calculations.js -> 304 in 44.64ms
2025-12-07 16:45:49,894 | INFO | fastapi-calculator | GET /.well-known/appspecific/com.chrome.devtools.json -> 404 in 0.78ms
2025-12-07 16:45:49,950 | INFO | fastapi-calculator | GET /calculations -> 200 in 20.69ms
2025-12-07 16:45:50,431 | INFO | fastapi-calculator | GET /calculations-ui -> 200 in 0.62ms
2025-12-07 16:45:50,454 | INFO | fastapi-calculator | GET /.well-known/appspecific/com.chrome.devtools.json -> 404 in 0.45ms
2025-12-07 16:45:50,535 | INFO | fastapi-calculator | GET /calculations -> 200 in 6.13ms
2025-12-07 16:45:50,988 | INFO | fastapi-calculator | GET /calculations-ui -> 200 in 0.58ms
2025-12-07 16:45:51,066 | INFO | fastapi-calculator | GET /.well-known/appspecific/com.chrome.devtools.json -> 404 in 0.50ms
2025-12-07 16:45:51,169 | INFO | fastapi-calculator | GET /calculations -> 200 in 7.56ms
2025-12-07 16:46:50,253 | INFO | fastapi-calculator | GET /.well-known/appspecific/com.chrome.devtools.json -> 404 in 0.51ms
2025-12-07 16:46:56,887 | INFO | fastapi-calculator | GET /calculations-ui -> 200 in 0.70ms
2025-12-07 16:46:56,976 | INFO | fastapi-calculator | GET /.well-known/appspecific/com.chrome.devtools.json -> 404 in 0.66ms
2025-12-07 16:46:57,030 | INFO | fastapi-calculator | GET /calculations -> 200 in 13.28ms
2025-12-07 16:48:26,851 | INFO | fastapi-calculator | GET /calculations-ui -> 200 in 0.57ms
2025-12-07 16:48:26,868 | INFO | fastapi-calculator | GET /static/styles.css -> 200 in 1.46ms
2025-12-07 16:48:26,872 | INFO | fastapi-calculator | GET /static/calculations.js -> 200 in 1.70ms
2025-12-07 16:48:26,950 | INFO | fastapi-calculator | GET /calculations -> 200 in 6.72ms
2025-12-07 16:48:27,023 | INFO | fastapi-calculator | GET /favicon.ico -> 404 in 0.64ms
2025-12-07 16:48:27,703 | INFO | fastapi-calculator | GET /calculations-ui -> 200 in 0.59ms
2025-12-07 16:48:27,724 | INFO | fastapi-calculator | GET /static/styles.css -> 200 in 1.51ms
2025-12-07 16:48:27,729 | INFO | fastapi-calculator | GET /static/calculations.js -> 200 in 1.75ms
2025-12-07 16:48:27,774 | INFO | fastapi-calculator | GET /calculations -> 200 in 8.23ms
2025-12-07 16:48:27,798 | INFO | fastapi-calculator | GET /favicon.ico -> 404 in 0.76ms
2025-12-07 16:48:27,859 | INFO | fastapi-calculator | GET /calculations-ui -> 200 in 0.66ms
2025-12-07 16:48:27,914 | INFO | fastapi-calculator | GET /static/styles.css -> 200 in 1.44ms
2025-12-07 16:48:27,918 | INFO | fastapi-calculator | GET /static/calculations.js -> 200 in 1.83ms
2025-12-07 16:48:27,987 | INFO | fastapi-calculator | GET /calculations-ui -> 200 in 0.83ms
2025-12-07 16:48:28,004 | INFO | fastapi-calculator | GET /static/calculations.js -> 200 in 1.48ms
2025-12-07 16:48:28,005 | INFO | fastapi-calculator | GET /static/styles.css -> 200 in 2.91ms
2025-12-07 16:48:28,206 | INFO | fastapi-calculator | GET /calculations -> 200 in 7.07ms
2025-12-07 16:48:28,210 | INFO | fastapi-calculator | GET /calculations-ui -> 200 in 0.51ms
2025-12-07 16:48:28,215 | INFO | fastapi-calculator | GET /favicon.ico -> 404 in 0.29ms
2025-12-07 16:48:28,237 | INFO | fastapi-calculator | GET /static/styles.css -> 200 in 1.65ms
2025-12-07 16:48:28,242 | INFO | fastapi-calculator | GET /static/calculations.js -> 200 in 2.45ms
2025-12-07 16:48:28,309 | INFO | fastapi-calculator | GET /calculations -> 200 in 5.52ms
2025-12-07 16:48:28,322 | INFO | fastapi-calculator | GET /favicon.ico -> 404 in 0.49ms
2025-12-07 16:48:29,639 | INFO | fastapi-calculator | GET /calculations-ui -> 200 in 0.66ms
2025-12-07 16:48:29,683 | INFO | fastapi-calculator | GET /calculations -> 200 in 5.16ms
2025-12-07 16:52:46,413 | INFO | fastapi-calculator | GET /calculations-ui -> 200 in 1.39ms
2025-12-07 16:52:46,439 | INFO | fastapi-calculator | GET /static/styles.css -> 200 in 2.06ms
2025-12-07 16:52:46,451 | INFO | fastapi-calculator | GET /static/calculations.js -> 200 in 3.15ms
2025-12-07 16:52:46,503 | INFO | fastapi-calculator | GET /calculations -> 200 in 15.20ms
2025-12-07 16:52:46,531 | INFO | fastapi-calculator | GET /favicon.ico -> 404 in 0.63ms
2025-12-07 16:52:46,872 | INFO | fastapi-calculator | GET /calculations-ui -> 200 in 0.41ms
2025-12-07 16:52:46,892 | INFO | fastapi-calculator | GET /static/styles.css -> 200 in 2.49ms
2025-12-07 16:52:46,893 | INFO | fastapi-calculator | GET /static/calculations.js -> 200 in 2.47ms
2025-12-07 16:52:46,919 | INFO | fastapi-calculator | GET /calculations -> 200 in 6.06ms
2025-12-07 16:52:46,936 | INFO | fastapi-calculator | GET /favicon.ico -> 404 in 0.47ms
2025-12-07 16:52:47,097 | INFO | fastapi-calculator | GET /calculations-ui -> 200 in 0.53ms
2025-12-07 16:52:47,113 | INFO | fastapi-calculator | GET /static/styles.css -> 200 in 3.15ms
2025-12-07 16:52:47,115 | INFO | fastapi-calculator | GET /static/calculations.js -> 200 in 3.56ms
2025-12-07 16:52:47,144 | INFO | fastapi-calculator | GET /calculations -> 200 in 7.93ms
2025-12-07 16:52:47,161 | INFO | fastapi-calculator | GET /favicon.ico -> 404 in 0.49ms
2025-12-07 16:52:47,260 | INFO | fastapi-calculator | GET /calculations-ui -> 200 in 0.62ms
2025-12-07 16:52:47,282 | INFO | fastapi-calculator | GET /static/styles.css -> 200 in 1.59ms
2025-12-07 16:52:47,286 | INFO | fastapi-calculator | GET /static/calculations.js -> 200 in 2.48ms
2025-12-07 16:52:47,521 | INFO | fastapi-calculator | GET /calculations-ui -> 200 in 0.83ms
2025-12-07 16:52:47,530 | INFO | fastapi-calculator | GET /calculations -> 200 in 10.09ms
2025-12-07 16:52:47,561 | INFO | fastapi-calculator | GET /static/styles.css -> 200 in 1.92ms
2025-12-07 16:52:47,566 | INFO | fastapi-calculator | GET /static/calculations.js -> 200 in 2.07ms
2025-12-07 16:52:47,596 | INFO | fastapi-calculator | GET /calculations -> 200 in 6.06ms
2025-12-07 16:52:47,614 | INFO | fastapi-calculator | GET /favicon.ico -> 404 in 0.67ms
2025-12-07 17:02:19,459 | INFO | fastapi-calculator | GET /static/styles.css -> 304 in 1.42ms
2025-12-07 17:02:19,474 | INFO | fastapi-calculator | GET /.well-known/appspecific/com.chrome.devtools.json -> 404 in 0.35ms
2025-12-07 17:03:16,046 | INFO | fastapi-calculator | GET /calculations-ui -> 200 in 1.09ms
2025-12-07 17:03:16,064 | INFO | fastapi-calculator | GET /static/styles.css -> 304 in 2.09ms
2025-12-07 17:03:16,065 | INFO | fastapi-calculator | GET /static/calculations.js -> 304 in 2.77ms
2025-12-07 17:03:16,138 | INFO | fastapi-calculator | GET /calculations -> 200 in 7.36ms
2025-12-07 17:03:16,930 | INFO | fastapi-calculator | GET /calculations-ui -> 200 in 1.02ms
2025-12-07 17:03:17,056 | INFO | fastapi-calculator | GET /calculations -> 200 in 11.86ms
2025-12-07 17:03:19,309 | INFO | fastapi-calculator | GET /calculations-ui -> 200 in 0.58ms
2025-12-07 17:03:19,358 | INFO | fastapi-calculator | GET /calculations -> 200 in 6.23ms
2025-12-07 17:03:20,092 | INFO | fastapi-calculator | GET /calculations-ui -> 200 in 0.71ms
2025-12-07 17:03:20,156 | INFO | fastapi-calculator | GET /calculations -> 200 in 10.84ms
2025-12-07 17:03:22,930 | INFO | fastapi-calculator | GET /login -> 200 in 0.45ms
2025-12-07 17:03:27,881 | INFO | fastapi-calculator | GET / -> 200 in 2.18ms
2025-12-07 17:03:32,030 | INFO | fastapi-calculator | GET /.well-known/appspecific/com.chrome.devtools.json -> 404 in 0.50ms
2025-12-07 17:03:45,499 | INFO | fastapi-calculator | GET /.well-known/appspecific/com.chrome.devtools.json -> 404 in 0.45ms
2025-12-07 17:04:05,723 | INFO | fastapi-calculator | GET /calculations-ui -> 200 in 0.77ms
2025-12-07 17:04:05,740 | INFO | fastapi-calculator | GET /.well-known/appspecific/com.chrome.devtools.json -> 404 in 0.32ms
2025-12-07 17:04:05,747 | INFO | fastapi-calculator | GET /static/styles.css -> 200 in 3.83ms
2025-12-07 17:04:05,749 | INFO | fastapi-calculator | GET /static/calculations.js -> 200 in 3.78ms
2025-12-07 17:04:05,830 | INFO | fastapi-calculator | GET /calculations -> 200 in 7.02ms
2025-12-07 17:04:05,916 | INFO | fastapi-calculator | GET /favicon.ico -> 404 in 0.38ms
2025-12-07 17:04:15,876 | INFO | fastapi-calculator | POST /calculations -> 201 in 29.40ms
2025-12-07 17:04:15,884 | INFO | fastapi-calculator | GET /calculations -> 200 in 4.32ms
2025-12-07 17:04:23,025 | INFO | fastapi-calculator | POST /calculations -> 201 in 26.05ms
2025-12-07 17:04:23,033 | INFO | fastapi-calculator | GET /calculations -> 200 in 4.33ms
2025-12-07 17:04:36,512 | INFO | fastapi-calculator | PUT /calculations/1 -> 200 in 31.79ms
2025-12-07 17:04:36,521 | INFO | fastapi-calculator | GET /calculations -> 200 in 5.67ms
2025-12-07 17:07:34,345 | INFO | fastapi-calculator | GET /calculations-ui -> 200 in 0.56ms
2025-12-07 17:07:34,366 | INFO | fastapi-calculator | GET /static/styles.css -> 200 in 2.36ms
2025-12-07 17:07:34,367 | INFO | fastapi-calculator | GET /static/calculations.js -> 200 in 2.89ms
2025-12-07 17:07:34,440 | INFO | fastapi-calculator | GET /calculations -> 200 in 7.25ms
2025-12-07 17:07:34,511 | INFO | fastapi-calculator | GET /favicon.ico -> 404 in 0.85ms
2025-12-07 17:07:35,297 | INFO | fastapi-calculator | GET /calculations-ui -> 200 in 0.59ms
2025-12-07 17:07:35,322 | INFO | fastapi-calculator | GET /static/styles.css -> 200 in 2.77ms
2025-12-07 17:07:35,323 | INFO | fastapi-calculator | GET /static/calculations.js -> 200 in 2.85ms
2025-12-07 17:07:35,369 | INFO | fastapi-calculator | GET /calculations -> 200 in 10.35ms
2025-12-07 17:07:35,393 | INFO | fastapi-calculator | GET /favicon.ico -> 404 in 0.51ms
2025-12-07 17:07:35,872 | INFO | fastapi-calculator | GET /calculations-ui -> 200 in 0.63ms
2025-12-07 17:07:35,894 | INFO | fastapi-calculator | GET /static/styles.css -> 200 in 1.99ms
2025-12-07 17:07:35,897 | INFO | fastapi-calculator | GET /static/calculations.js -> 200 in 2.38ms
2025-12-07 17:07:35,951 | INFO | fastapi-calculator | GET /calculations -> 200 in 9.42ms
2025-12-07 17:07:35,963 | INFO | fastapi-calculator | GET /favicon.ico -> 404 in 0.48ms
2025-12-07 17:08:59,251 | INFO | fastapi-calculator | GET /health -> 200 in 1.07ms
2025-12-07 17:08:59,256 | INFO | fastapi-calculator | Add: 2.0 + 3.0 = 5.0
2025-12-07 17:08:59,256 | INFO | fastapi-calculator | POST /add -> 200 in 1.13ms
2025-12-07 17:08:59,259 | INFO | fastapi-calculator | Subtract: 5.0 - 2.0 = 3.0
2025-12-07 17:08:59,259 | INFO | fastapi-calculator | POST /subtract -> 200 in 0.53ms
2025-12-07 17:08:59,262 | INFO | fastapi-calculator | Multiply: 3.0 * 4.0 = 12.0
2025-12-07 17:08:59,263 | INFO | fastapi-calculator | POST /multiply -> 200 in 0.46ms
2025-12-07 17:08:59,266 | INFO | fastapi-calculator | Divide: 8.0 / 4.0 = 2.0
2025-12-07 17:08:59,267 | INFO | fastapi-calculator | POST /divide -> 200 in 0.61ms
2025-12-07 17:08:59,270 | WARNING | fastapi-calculator | Divide by zero: a=1.0 b=0.0
2025-12-07 17:08:59,270 | INFO | fastapi-calculator | POST /divide -> 400 in 0.66ms
2025-12-07 17:08:59,517 | INFO | fastapi-calculator | POST /calculations -> 201 in 15.02ms
2025-12-07 17:08:59,525 | INFO | fastapi-calculator | GET /calculations -> 200 in 4.19ms
2025-12-07 17:08:59,536 | INFO | fastapi-calculator | POST /calculations -> 201 in 8.45ms
2025-12-07 17:08:59,544 | INFO | fastapi-calculator | GET /calculations/2 -> 200 in 5.08ms
2025-12-07 17:08:59,560 | INFO | fastapi-calculator | PUT /calculations/2 -> 200 in 13.55ms
2025-12-07 17:08:59,573 | INFO | fastapi-calculator | DELETE /calculations/2 -> 204 in 9.53ms
2025-12-07 17:08:59,580 | INFO | fastapi-calculator | GET /calculations/2 -> 404 in 4.93ms
2025-12-07 17:08:59,586 | INFO | fastapi-calculator | POST /calculations -> 422 in 2.09ms
2025-12-07 17:08:59,827 | INFO | fastapi-calculator | POST /users/register -> 201 in 30.89ms
2025-12-07 17:08:59,850 | INFO | fastapi-calculator | POST /users/login -> 200 in 18.59ms
2025-12-07 17:08:59,873 | INFO | fastapi-calculator | POST /users/login -> 401 in 18.47ms
2025-12-07 17:09:07,432 | INFO | fastapi-calculator | GET /health -> 200 in 0.74ms
2025-12-07 17:09:07,437 | INFO | fastapi-calculator | GET /health -> 200 in 0.38ms
2025-12-07 17:09:09,821 | INFO | fastapi-calculator | GET / -> 200 in 1.87ms
2025-12-07 17:09:09,822 | INFO | fastapi-calculator | GET /register -> 200 in 2.22ms
2025-12-07 17:09:09,826 | INFO | fastapi-calculator | GET /register -> 200 in 1.23ms
2025-12-07 17:09:09,845 | INFO | fastapi-calculator | GET /static/styles.css -> 200 in 4.25ms
2025-12-07 17:09:09,850 | INFO | fastapi-calculator | GET /static/styles.css -> 200 in 7.89ms
2025-12-07 17:09:09,852 | INFO | fastapi-calculator | GET /static/auth.js -> 200 in 8.58ms
2025-12-07 17:09:09,853 | INFO | fastapi-calculator | GET /static/script.js -> 200 in 11.20ms
2025-12-07 17:09:09,856 | INFO | fastapi-calculator | GET /static/auth.js -> 200 in 11.91ms
2025-12-07 17:09:10,083 | INFO | fastapi-calculator | Add: 10.0 + 4.0 = 14.0
2025-12-07 17:09:10,084 | INFO | fastapi-calculator | POST /add -> 200 in 2.61ms
2025-12-07 17:09:10,119 | INFO | fastapi-calculator | POST /register -> ERR in 25.02ms
2025-12-07 17:09:10,335 | INFO | fastapi-calculator | Subtract: 10.0 - 4.0 = 6.0
2025-12-07 17:09:10,335 | INFO | fastapi-calculator | POST /subtract -> 200 in 1.29ms
2025-12-07 17:09:10,336 | INFO | fastapi-calculator | POST /register -> ERR in 241.59ms
2025-12-07 17:09:10,537 | INFO | fastapi-calculator | Multiply: 10.0 * 4.0 = 40.0
2025-12-07 17:09:10,538 | INFO | fastapi-calculator | POST /multiply -> 200 in 1.09ms
2025-12-07 17:09:10,669 | INFO | fastapi-calculator | Divide: 10.0 / 4.0 = 2.5
2025-12-07 17:09:10,670 | INFO | fastapi-calculator | POST /divide -> 200 in 1.18ms
2025-12-07 17:09:16,349 | INFO | fastapi-calculator | GET /login -> 200 in 0.32ms
2025-12-07 17:09:16,358 | INFO | fastapi-calculator | GET /static/styles.css -> 200 in 2.55ms
2025-12-07 17:09:16,359 | INFO | fastapi-calculator | GET /static/auth.js -> 200 in 2.78ms
2025-12-07 17:09:16,361 | INFO | fastapi-calculator | GET /register -> 200 in 0.59ms
2025-12-07 17:09:16,371 | INFO | fastapi-calculator | GET /static/styles.css -> 200 in 2.71ms
2025-12-07 17:09:16,372 | INFO | fastapi-calculator | GET /static/auth.js -> 200 in 2.53ms
2025-12-07 17:09:16,410 | INFO | fastapi-calculator | GET /calculations-ui -> 200 in 0.60ms
2025-12-07 17:09:16,417 | INFO | fastapi-calculator | GET /static/calculations.js -> 200 in 1.21ms
2025-12-07 17:09:16,482 | INFO | fastapi-calculator | GET /register -> 200 in 0.67ms
2025-12-07 17:09:16,584 | INFO | fastapi-calculator | POST /register -> ERR in 7.52ms
2025-12-07 17:09:16,618 | INFO | fastapi-calculator | GET /register -> 200 in 0.46ms
2025-12-07 17:09:16,624 | INFO | fastapi-calculator | GET /static/styles.css -> 200 in 2.07ms
2025-12-07 17:09:16,625 | INFO | fastapi-calculator | GET /static/auth.js -> 200 in 1.85ms
2025-12-07 17:09:16,744 | INFO | fastapi-calculator | POST /register -> ERR in 4.95ms
2025-12-07 17:09:22,794 | INFO | fastapi-calculator | GET /register -> 200 in 0.38ms
2025-12-07 17:09:22,800 | INFO | fastapi-calculator | GET /static/styles.css -> 200 in 1.81ms
2025-12-07 17:09:22,801 | INFO | fastapi-calculator | GET /static/auth.js -> 200 in 1.57ms
2025-12-07 17:09:22,929 | INFO | fastapi-calculator | POST /register -> ERR in 5.16ms
2025-12-07 17:11:19,119 | INFO | fastapi-calculator | GET /health -> 200 in 0.72ms
2025-12-07 17:11:19,124 | INFO | fastapi-calculator | GET /health -> 200 in 0.44ms
2025-12-07 17:11:20,345 | INFO | fastapi-calculator | GET /register -> 200 in 2.58ms
2025-12-07 17:11:20,353 | INFO | fastapi-calculator | GET /static/styles.css -> 200 in 2.30ms
2025-12-07 17:11:20,354 | INFO | fastapi-calculator | GET /static/auth.js -> 200 in 2.20ms
2025-12-07 17:11:20,397 | INFO | fastapi-calculator | GET / -> 200 in 0.52ms
2025-12-07 17:11:20,405 | INFO | fastapi-calculator | GET /register -> 200 in 0.60ms
2025-12-07 17:11:20,405 | INFO | fastapi-calculator | GET /static/script.js -> 200 in 2.61ms
2025-12-07 17:11:20,414 | INFO | fastapi-calculator | GET /static/styles.css -> 200 in 2.57ms
2025-12-07 17:11:20,414 | INFO | fastapi-calculator | GET /static/auth.js -> 200 in 1.99ms
2025-12-07 17:11:20,515 | INFO | fastapi-calculator | POST /register -> ERR in 8.10ms
2025-12-07 17:11:20,538 | INFO | fastapi-calculator | Add: 10.0 + 4.0 = 14.0
2025-12-07 17:11:20,539 | INFO | fastapi-calculator | POST /add -> 200 in 1.17ms
2025-12-07 17:11:20,577 | INFO | fastapi-calculator | POST /register -> ERR in 6.44ms
2025-12-07 17:11:20,587 | INFO | fastapi-calculator | Subtract: 10.0 - 4.0 = 6.0
2025-12-07 17:11:20,588 | INFO | fastapi-calculator | POST /subtract -> 200 in 1.18ms
2025-12-07 17:11:20,633 | INFO | fastapi-calculator | Multiply: 10.0 * 4.0 = 40.0
2025-12-07 17:11:20,633 | INFO | fastapi-calculator | POST /multiply -> 200 in 1.01ms
2025-12-07 17:11:20,763 | INFO | fastapi-calculator | Divide: 10.0 / 4.0 = 2.5
2025-12-07 17:11:20,764 | INFO | fastapi-calculator | POST /divide -> 200 in 1.09ms
2025-12-07 17:11:26,648 | INFO | fastapi-calculator | GET /login -> 200 in 0.60ms
2025-12-07 17:11:26,659 | INFO | fastapi-calculator | GET /static/styles.css -> 200 in 3.25ms
2025-12-07 17:11:26,660 | INFO | fastapi-calculator | GET /static/auth.js -> 200 in 3.00ms
2025-12-07 17:11:26,704 | INFO | fastapi-calculator | GET /calculations-ui -> 200 in 0.49ms
2025-12-07 17:11:26,711 | INFO | fastapi-calculator | GET /static/calculations.js -> 200 in 1.21ms
2025-12-07 17:11:26,734 | INFO | fastapi-calculator | GET /register -> 200 in 0.50ms
2025-12-07 17:11:26,743 | INFO | fastapi-calculator | GET /static/styles.css -> 200 in 2.57ms
2025-12-07 17:11:26,744 | INFO | fastapi-calculator | GET /static/auth.js -> 200 in 2.21ms
2025-12-07 17:11:26,781 | INFO | fastapi-calculator | GET /register -> 200 in 0.49ms
2025-12-07 17:11:26,891 | INFO | fastapi-calculator | POST /register -> ERR in 4.35ms
2025-12-07 17:11:26,984 | INFO | fastapi-calculator | GET /register -> 200 in 0.45ms
2025-12-07 17:11:26,988 | INFO | fastapi-calculator | GET /static/styles.css -> 200 in 1.55ms
2025-12-07 17:11:26,989 | INFO | fastapi-calculator | GET /static/auth.js -> 200 in 1.50ms
2025-12-07 17:11:27,104 | INFO | fastapi-calculator | POST /register -> ERR in 4.49ms
2025-12-07 17:11:33,160 | INFO | fastapi-calculator | GET /register -> 200 in 1.06ms
2025-12-07 17:11:33,166 | INFO | fastapi-calculator | GET /static/styles.css -> 200 in 1.89ms
2025-12-07 17:11:33,167 | INFO | fastapi-calculator | GET /static/auth.js -> 200 in 2.11ms
2025-12-07 17:11:33,306 | INFO | fastapi-calculator | POST /register -> ERR in 4.40ms
2025-12-07 17:11:49,232 | INFO | fastapi-calculator | GET /health -> 200 in 0.63ms
2025-12-07 17:11:49,237 | INFO | fastapi-calculator | GET /health -> 200 in 0.43ms
2025-12-07 17:11:50,178 | INFO | fastapi-calculator | GET /register -> 200 in 0.42ms
2025-12-07 17:11:50,183 | INFO | fastapi-calculator | GET /static/styles.css -> 200 in 1.54ms
2025-12-07 17:11:50,184 | INFO | fastapi-calculator | GET /static/auth.js -> 200 in 1.75ms
2025-12-07 17:11:50,305 | INFO | fastapi-calculator | POST /register -> ERR in 4.70ms
2025-12-07 17:11:56,351 | INFO | fastapi-calculator | GET /login -> 200 in 0.37ms
2025-12-07 17:11:56,358 | INFO | fastapi-calculator | GET /static/styles.css -> 200 in 1.97ms
2025-12-07 17:11:56,359 | INFO | fastapi-calculator | GET /static/auth.js -> 200 in 1.88ms
2025-12-07 17:11:56,389 | INFO | fastapi-calculator | GET /calculations-ui -> 200 in 0.43ms
2025-12-07 17:11:56,395 | INFO | fastapi-calculator | GET /static/calculations.js -> 200 in 0.99ms
2025-12-07 17:11:56,450 | INFO | fastapi-calculator | GET /register -> 200 in 0.42ms
2025-12-07 17:11:56,557 | INFO | fastapi-calculator | POST /register -> ERR in 4.77ms
2025-12-07 17:12:12,310 | INFO | fastapi-calculator | GET /health -> 200 in 0.73ms
2025-12-07 17:12:12,314 | INFO | fastapi-calculator | GET /health -> 200 in 0.42ms
2025-12-07 17:12:13,296 | INFO | fastapi-calculator | GET /register -> 200 in 0.45ms
2025-12-07 17:12:13,302 | INFO | fastapi-calculator | GET /static/styles.css -> 200 in 1.77ms
2025-12-07 17:12:13,303 | INFO | fastapi-calculator | GET /static/auth.js -> 200 in 1.99ms
2025-12-07 17:12:13,421 | INFO | fastapi-calculator | POST /register -> ERR in 4.58ms
2025-12-07 17:12:19,444 | INFO | fastapi-calculator | GET /login -> 200 in 0.28ms
2025-12-07 17:12:19,450 | INFO | fastapi-calculator | GET /static/styles.css -> 200 in 1.59ms
2025-12-07 17:12:19,451 | INFO | fastapi-calculator | GET /static/auth.js -> 200 in 1.47ms
2025-12-07 17:12:19,477 | INFO | fastapi-calculator | GET /calculations-ui -> 200 in 0.41ms
2025-12-07 17:12:19,482 | INFO | fastapi-calculator | GET /static/calculations.js -> 200 in 0.89ms
2025-12-07 17:12:19,537 | INFO | fastapi-calculator | GET /register -> 200 in 0.47ms
2025-12-07 17:12:19,623 | INFO | fastapi-calculator | POST /register -> ERR in 4.41ms
2025-12-07 17:18:17,006 | INFO | fastapi-calculator | GET /health -> 200 in 0.96ms
2025-12-07 17:18:17,011 | INFO | fastapi-calculator | Add: 2.0 + 3.0 = 5.0
2025-12-07 17:18:17,011 | INFO | fastapi-calculator | POST /add -> 200 in 1.08ms
2025-12-07 17:18:17,014 | INFO | fastapi-calculator | Subtract: 5.0 - 2.0 = 3.0
2025-12-07 17:18:17,014 | INFO | fastapi-calculator | POST /subtract -> 200 in 0.48ms
2025-12-07 17:18:17,017 | INFO | fastapi-calculator | Multiply: 3.0 * 4.0 = 12.0
2025-12-07 17:18:17,017 | INFO | fastapi-calculator | POST /multiply -> 200 in 0.44ms
2025-12-07 17:18:17,019 | INFO | fastapi-calculator | Divide: 8.0 / 4.0 = 2.0
2025-12-07 17:18:17,019 | INFO | fastapi-calculator | POST /divide -> 200 in 0.45ms
2025-12-07 17:18:17,022 | WARNING | fastapi-calculator | Divide by zero: a=1.0 b=0.0
2025-12-07 17:18:17,022 | INFO | fastapi-calculator | POST /divide -> 400 in 0.53ms
2025-12-07 17:18:17,221 | INFO | fastapi-calculator | POST /calculations -> 201 in 13.55ms
2025-12-07 17:18:17,229 | INFO | fastapi-calculator | GET /calculations -> 200 in 5.04ms
2025-12-07 17:18:17,243 | INFO | fastapi-calculator | POST /calculations -> 201 in 9.64ms
2025-12-07 17:18:17,249 | INFO | fastapi-calculator | GET /calculations/2 -> 200 in 3.96ms
2025-12-07 17:18:17,261 | INFO | fastapi-calculator | PUT /calculations/2 -> 200 in 10.48ms
2025-12-07 17:18:17,270 | INFO | fastapi-calculator | DELETE /calculations/2 -> 204 in 6.93ms
2025-12-07 17:18:17,275 | INFO | fastapi-calculator | GET /calculations/2 -> 404 in 2.94ms
2025-12-07 17:18:17,279 | INFO | fastapi-calculator | POST /calculations -> 422 in 0.95ms
2025-12-07 17:18:17,519 | INFO | fastapi-calculator | POST /users/register -> 201 in 28.31ms
2025-12-07 17:18:17,541 | INFO | fastapi-calculator | POST /users/login -> 200 in 18.55ms
2025-12-07 17:18:17,564 | INFO | fastapi-calculator | POST /users/login -> 401 in 18.94ms
2025-12-07 17:18:26,154 | INFO | fastapi-calculator | GET /health -> 200 in 1.22ms
2025-12-07 17:18:26,159 | INFO | fastapi-calculator | GET /health -> 200 in 0.51ms
2025-12-07 17:18:27,328 | INFO | fastapi-calculator | GET /register -> 200 in 0.68ms
2025-12-07 17:18:27,379 | INFO | fastapi-calculator | GET /static/styles.css -> 200 in 43.46ms
2025-12-07 17:18:27,380 | INFO | fastapi-calculator | GET /static/auth.js -> 200 in 42.63ms
2025-12-07 17:18:27,384 | INFO | fastapi-calculator | GET / -> 200 in 2.56ms
2025-12-07 17:18:27,384 | INFO | fastapi-calculator | GET /register -> 200 in 3.00ms
2025-12-07 17:18:27,395 | INFO | fastapi-calculator | GET /static/styles.css -> 200 in 3.53ms
2025-12-07 17:18:27,396 | INFO | fastapi-calculator | GET /static/script.js -> 200 in 4.09ms
2025-12-07 17:18:27,398 | INFO | fastapi-calculator | GET /static/auth.js -> 200 in 4.41ms
2025-12-07 17:18:27,535 | INFO | fastapi-calculator | Add: 10.0 + 4.0 = 14.0
2025-12-07 17:18:27,535 | INFO | fastapi-calculator | POST /add -> 200 in 1.98ms
2025-12-07 17:18:27,581 | INFO | fastapi-calculator | POST /register -> ERR in 24.22ms
2025-12-07 17:18:27,599 | INFO | fastapi-calculator | Subtract: 10.0 - 4.0 = 6.0
2025-12-07 17:18:27,600 | INFO | fastapi-calculator | POST /subtract -> 200 in 1.25ms
2025-12-07 17:18:27,610 | INFO | fastapi-calculator | POST /register -> ERR in 53.67ms
2025-12-07 17:18:27,732 | INFO | fastapi-calculator | Multiply: 10.0 * 4.0 = 40.0
2025-12-07 17:18:27,732 | INFO | fastapi-calculator | POST /multiply -> 200 in 1.21ms
2025-12-07 17:18:27,865 | INFO | fastapi-calculator | Divide: 10.0 / 4.0 = 2.5
2025-12-07 17:18:27,865 | INFO | fastapi-calculator | POST /divide -> 200 in 0.98ms
2025-12-07 17:18:33,767 | INFO | fastapi-calculator | GET /login -> 200 in 0.61ms
2025-12-07 17:18:33,769 | INFO | fastapi-calculator | GET /register -> 200 in 0.42ms
2025-12-07 17:18:33,776 | INFO | fastapi-calculator | GET /static/styles.css -> 200 in 2.68ms
2025-12-07 17:18:33,777 | INFO | fastapi-calculator | GET /static/auth.js -> 200 in 3.33ms
2025-12-07 17:18:33,778 | INFO | fastapi-calculator | GET /static/styles.css -> 200 in 3.93ms
2025-12-07 17:18:33,779 | INFO | fastapi-calculator | GET /static/auth.js -> 200 in 3.62ms
2025-12-07 17:18:33,820 | INFO | fastapi-calculator | GET /calculations-ui -> 200 in 2.39ms
2025-12-07 17:18:33,826 | INFO | fastapi-calculator | GET /static/calculations.js -> 200 in 1.09ms
2025-12-07 17:18:33,892 | INFO | fastapi-calculator | GET /register -> 200 in 0.53ms
2025-12-07 17:18:33,993 | INFO | fastapi-calculator | POST /register -> ERR in 6.06ms
2025-12-07 17:18:34,020 | INFO | fastapi-calculator | GET /register -> 200 in 0.50ms
2025-12-07 17:18:34,027 | INFO | fastapi-calculator | GET /static/styles.css -> 200 in 2.39ms
2025-12-07 17:18:34,028 | INFO | fastapi-calculator | GET /static/auth.js -> 200 in 2.55ms
2025-12-07 17:18:34,155 | INFO | fastapi-calculator | POST /register -> ERR in 5.47ms
2025-12-07 17:18:40,157 | INFO | fastapi-calculator | GET /register -> 200 in 0.46ms
2025-12-07 17:18:40,163 | INFO | fastapi-calculator | GET /static/styles.css -> 200 in 1.56ms
2025-12-07 17:18:40,164 | INFO | fastapi-calculator | GET /static/auth.js -> 200 in 1.59ms
2025-12-07 17:18:40,290 | INFO | fastapi-calculator | POST /register -> ERR in 4.47ms
2025-12-07 18:03:29,427 | INFO | fastapi-calculator | GET /health -> 200 in 0.99ms
2025-12-07 18:03:29,432 | INFO | fastapi-calculator | Add: 2.0 + 3.0 = 5.0
2025-12-07 18:03:29,432 | INFO | fastapi-calculator | POST /add -> 200 in 1.07ms
2025-12-07 18:03:29,435 | INFO | fastapi-calculator | Subtract: 5.0 - 2.0 = 3.0
2025-12-07 18:03:29,435 | INFO | fastapi-calculator | POST /subtract -> 200 in 0.52ms
2025-12-07 18:03:29,438 | INFO | fastapi-calculator | Multiply: 3.0 * 4.0 = 12.0
2025-12-07 18:03:29,439 | INFO | fastapi-calculator | POST /multiply -> 200 in 0.63ms
2025-12-07 18:03:29,442 | INFO | fastapi-calculator | Divide: 8.0 / 4.0 = 2.0
2025-12-07 18:03:29,442 | INFO | fastapi-calculator | POST /divide -> 200 in 0.60ms
2025-12-07 18:03:29,445 | WARNING | fastapi-calculator | Divide by zero: a=1.0 b=0.0
2025-12-07 18:03:29,446 | INFO | fastapi-calculator | POST /divide -> 400 in 0.59ms
2025-12-07 18:03:30,064 | INFO | fastapi-calculator | POST /calculations -> ERR in 6.00ms
2025-12-07 18:03:30,654 | INFO | fastapi-calculator | GET /calculations -> 200 in 12.32ms
2025-12-07 18:03:30,664 | INFO | fastapi-calculator | POST /calculations -> ERR in 4.90ms
2025-12-07 18:03:31,139 | INFO | fastapi-calculator | POST /calculations -> 422 in 16.46ms
2025-12-07 18:03:31,394 | INFO | fastapi-calculator | POST /users/register -> 201 in 33.80ms
2025-12-07 18:03:31,415 | INFO | fastapi-calculator | POST /users/login -> 200 in 17.06ms
2025-12-07 18:03:31,435 | INFO | fastapi-calculator | POST /users/login -> 401 in 17.02ms
2025-12-07 18:03:37,628 | INFO | fastapi-calculator | GET /health -> 200 in 1.18ms
2025-12-07 18:03:37,633 | INFO | fastapi-calculator | GET /health -> 200 in 0.43ms
2025-12-07 18:03:38,786 | INFO | fastapi-calculator | GET / -> 200 in 3.07ms
2025-12-07 18:03:38,787 | INFO | fastapi-calculator | GET /register -> 200 in 1.32ms
2025-12-07 18:03:38,787 | INFO | fastapi-calculator | GET /register -> 200 in 1.62ms
2025-12-07 18:03:38,826 | INFO | fastapi-calculator | GET /static/script.js -> 200 in 34.35ms
2025-12-07 18:03:38,827 | INFO | fastapi-calculator | GET /static/styles.css -> 200 in 34.07ms
2025-12-07 18:03:38,827 | INFO | fastapi-calculator | GET /static/styles.css -> 200 in 35.61ms
2025-12-07 18:03:38,828 | INFO | fastapi-calculator | GET /static/auth.js -> 200 in 34.31ms
2025-12-07 18:03:38,829 | INFO | fastapi-calculator | GET /static/auth.js -> 200 in 34.82ms
2025-12-07 18:03:38,928 | INFO | fastapi-calculator | Add: 10.0 + 4.0 = 14.0
2025-12-07 18:03:38,928 | INFO | fastapi-calculator | POST /add -> 200 in 1.92ms
2025-12-07 18:03:38,976 | INFO | fastapi-calculator | Subtract: 10.0 - 4.0 = 6.0
2025-12-07 18:03:38,976 | INFO | fastapi-calculator | POST /subtract -> 200 in 1.57ms
2025-12-07 18:03:38,977 | INFO | fastapi-calculator | POST /register -> ERR in 18.54ms
2025-12-07 18:03:38,998 | INFO | fastapi-calculator | POST /register -> ERR in 4.72ms
2025-12-07 18:03:39,105 | INFO | fastapi-calculator | Multiply: 10.0 * 4.0 = 40.0
2025-12-07 18:03:39,105 | INFO | fastapi-calculator | POST /multiply -> 200 in 1.16ms
2025-12-07 18:03:39,240 | INFO | fastapi-calculator | Divide: 10.0 / 4.0 = 2.5
2025-12-07 18:03:39,241 | INFO | fastapi-calculator | POST /divide -> 200 in 1.15ms
2025-12-07 18:03:45,110 | INFO | fastapi-calculator | GET /login -> 200 in 0.28ms
2025-12-07 18:03:45,115 | INFO | fastapi-calculator | GET /register -> 200 in 0.39ms
2025-12-07 18:03:45,119 | INFO | fastapi-calculator | GET /static/styles.css -> 200 in 3.72ms
2025-12-07 18:03:45,120 | INFO | fastapi-calculator | GET /static/auth.js -> 200 in 3.76ms
2025-12-07 18:03:45,124 | INFO | fastapi-calculator | GET /static/styles.css -> 200 in 2.32ms
2025-12-07 18:03:45,124 | INFO | fastapi-calculator | GET /static/auth.js -> 200 in 2.27ms
2025-12-07 18:03:45,163 | INFO | fastapi-calculator | GET /calculations-ui -> 200 in 1.65ms
2025-12-07 18:03:45,170 | INFO | fastapi-calculator | GET /static/calculations.js -> 200 in 1.33ms
2025-12-07 18:03:45,227 | INFO | fastapi-calculator | GET /register -> 200 in 0.44ms
2025-12-07 18:03:45,321 | INFO | fastapi-calculator | POST /register -> ERR in 6.75ms
2025-12-07 18:03:45,351 | INFO | fastapi-calculator | GET /register -> 200 in 0.61ms
2025-12-07 18:03:45,357 | INFO | fastapi-calculator | GET /static/auth.js -> 200 in 1.08ms
2025-12-07 18:03:45,358 | INFO | fastapi-calculator | GET /static/styles.css -> 200 in 2.51ms
2025-12-07 18:03:45,480 | INFO | fastapi-calculator | POST /register -> ERR in 5.25ms
2025-12-07 18:03:51,462 | INFO | fastapi-calculator | GET /register -> 200 in 0.46ms
2025-12-07 18:03:51,469 | INFO | fastapi-calculator | GET /static/styles.css -> 200 in 2.02ms
2025-12-07 18:03:51,469 | INFO | fastapi-calculator | GET /static/auth.js -> 200 in 1.80ms
2025-12-07 18:03:51,597 | INFO | fastapi-calculator | POST /register -> ERR in 4.33ms
2025-12-07 18:05:02,871 | INFO | fastapi-calculator | GET /health -> 200 in 0.96ms
2025-12-07 18:05:02,893 | INFO | fastapi-calculator | Add: 2.0 + 3.0 = 5.0
2025-12-07 18:05:02,893 | INFO | fastapi-calculator | POST /add -> 200 in 1.56ms
2025-12-07 18:05:02,898 | INFO | fastapi-calculator | Subtract: 5.0 - 2.0 = 3.0
2025-12-07 18:05:02,898 | INFO | fastapi-calculator | POST /subtract -> 200 in 0.64ms
2025-12-07 18:05:02,902 | INFO | fastapi-calculator | Multiply: 3.0 * 4.0 = 12.0
2025-12-07 18:05:02,902 | INFO | fastapi-calculator | POST /multiply -> 200 in 0.54ms
2025-12-07 18:05:02,905 | INFO | fastapi-calculator | Divide: 8.0 / 4.0 = 2.0
2025-12-07 18:05:02,905 | INFO | fastapi-calculator | POST /divide -> 200 in 0.57ms
2025-12-07 18:05:02,908 | WARNING | fastapi-calculator | Divide by zero: a=1.0 b=0.0
2025-12-07 18:05:02,908 | INFO | fastapi-calculator | POST /divide -> 400 in 0.52ms
2025-12-07 18:05:03,123 | INFO | fastapi-calculator | POST /calculations -> 201 in 14.99ms
2025-12-07 18:05:03,131 | INFO | fastapi-calculator | GET /calculations -> 200 in 4.82ms
2025-12-07 18:05:03,143 | INFO | fastapi-calculator | POST /calculations -> 201 in 8.87ms
2025-12-07 18:05:03,151 | INFO | fastapi-calculator | GET /calculations/2 -> 200 in 5.10ms
2025-12-07 18:05:03,165 | INFO | fastapi-calculator | PUT /calculations/2 -> 200 in 12.32ms
2025-12-07 18:05:03,175 | INFO | fastapi-calculator | DELETE /calculations/2 -> 204 in 7.65ms
2025-12-07 18:05:03,181 | INFO | fastapi-calculator | GET /calculations/2 -> 404 in 3.45ms
2025-12-07 18:05:03,185 | INFO | fastapi-calculator | POST /calculations -> 422 in 1.08ms
2025-12-07 18:05:03,403 | INFO | fastapi-calculator | POST /users/register -> 201 in 29.06ms
2025-12-07 18:05:03,424 | INFO | fastapi-calculator | POST /users/login -> 200 in 16.90ms
2025-12-07 18:05:03,445 | INFO | fastapi-calculator | POST /users/login -> 401 in 17.17ms
2025-12-07 18:05:11,457 | INFO | fastapi-calculator | GET /health -> 200 in 1.23ms
2025-12-07 18:05:11,462 | INFO | fastapi-calculator | GET /health -> 200 in 0.55ms
2025-12-07 18:05:12,573 | INFO | fastapi-calculator | GET / -> 200 in 2.40ms
2025-12-07 18:05:12,619 | INFO | fastapi-calculator | GET /static/script.js -> 200 in 39.99ms
2025-12-07 18:05:12,621 | INFO | fastapi-calculator | GET /register -> 200 in 0.50ms
2025-12-07 18:05:12,622 | INFO | fastapi-calculator | GET /register -> 200 in 0.83ms
2025-12-07 18:05:12,629 | INFO | fastapi-calculator | GET /static/styles.css -> 200 in 3.11ms
2025-12-07 18:05:12,631 | INFO | fastapi-calculator | GET /static/styles.css -> 200 in 4.05ms
2025-12-07 18:05:12,631 | INFO | fastapi-calculator | GET /static/auth.js -> 200 in 3.54ms
2025-12-07 18:05:12,632 | INFO | fastapi-calculator | GET /static/auth.js -> 200 in 4.05ms
2025-12-07 18:05:12,742 | INFO | fastapi-calculator | Add: 10.0 + 4.0 = 14.0
2025-12-07 18:05:12,743 | INFO | fastapi-calculator | POST /add -> 200 in 2.23ms
2025-12-07 18:05:12,788 | INFO | fastapi-calculator | Subtract: 10.0 - 4.0 = 6.0
2025-12-07 18:05:12,789 | INFO | fastapi-calculator | POST /subtract -> 200 in 1.38ms
2025-12-07 18:05:12,791 | INFO | fastapi-calculator | POST /register -> ERR in 18.65ms
2025-12-07 18:05:12,808 | INFO | fastapi-calculator | POST /register -> ERR in 20.94ms
2025-12-07 18:05:12,918 | INFO | fastapi-calculator | Multiply: 10.0 * 4.0 = 40.0
2025-12-07 18:05:12,919 | INFO | fastapi-calculator | POST /multiply -> 200 in 1.06ms
2025-12-07 18:05:13,053 | INFO | fastapi-calculator | Divide: 10.0 / 4.0 = 2.5
2025-12-07 18:05:13,053 | INFO | fastapi-calculator | POST /divide -> 200 in 1.37ms
2025-12-07 18:05:18,918 | INFO | fastapi-calculator | GET /login -> 200 in 0.28ms
2025-12-07 18:05:18,924 | INFO | fastapi-calculator | GET /register -> 200 in 0.55ms
2025-12-07 18:05:18,927 | INFO | fastapi-calculator | GET /static/auth.js -> 200 in 1.30ms
2025-12-07 18:05:18,928 | INFO | fastapi-calculator | GET /static/styles.css -> 200 in 3.14ms
2025-12-07 18:05:18,934 | INFO | fastapi-calculator | GET /static/styles.css -> 200 in 4.15ms
2025-12-07 18:05:18,935 | INFO | fastapi-calculator | GET /static/auth.js -> 200 in 3.93ms
2025-12-07 18:05:18,964 | INFO | fastapi-calculator | GET /calculations-ui -> 200 in 1.73ms
2025-12-07 18:05:18,970 | INFO | fastapi-calculator | GET /static/calculations.js -> 200 in 1.10ms
2025-12-07 18:05:19,030 | INFO | fastapi-calculator | GET /register -> 200 in 0.52ms
2025-12-07 18:05:19,130 | INFO | fastapi-calculator | POST /register -> ERR in 7.58ms
2025-12-07 18:05:19,158 | INFO | fastapi-calculator | GET /register -> 200 in 0.41ms
2025-12-07 18:05:19,164 | INFO | fastapi-calculator | GET /static/auth.js -> 200 in 1.21ms
2025-12-07 18:05:19,165 | INFO | fastapi-calculator | GET /static/styles.css -> 200 in 2.54ms
2025-12-07 18:05:19,275 | INFO | fastapi-calculator | POST /register -> ERR in 4.91ms
2025-12-07 18:05:25,283 | INFO | fastapi-calculator | GET /register -> 200 in 0.39ms
2025-12-07 18:05:25,288 | INFO | fastapi-calculator | GET /static/styles.css -> 200 in 1.82ms
2025-12-07 18:05:25,289 | INFO | fastapi-calculator | GET /static/auth.js -> 200 in 1.76ms
2025-12-07 18:05:25,409 | INFO | fastapi-calculator | POST /register -> ERR in 4.70ms
2025-12-07 18:18:15,124 | INFO | fastapi-calculator | GET /health -> 200 in 0.75ms
2025-12-07 18:18:15,143 | INFO | fastapi-calculator | Add: 2.0 + 3.0 = 5.0
2025-12-07 18:18:15,143 | INFO | fastapi-calculator | POST /add -> 200 in 2.07ms
2025-12-07 18:18:15,158 | INFO | fastapi-calculator | Subtract: 5.0 - 2.0 = 3.0
2025-12-07 18:18:15,158 | INFO | fastapi-calculator | POST /subtract -> 200 in 0.90ms
2025-12-07 18:18:15,162 | INFO | fastapi-calculator | Multiply: 3.0 * 4.0 = 12.0
2025-12-07 18:18:15,162 | INFO | fastapi-calculator | POST /multiply -> 200 in 0.70ms
2025-12-07 18:18:15,165 | INFO | fastapi-calculator | Divide: 8.0 / 4.0 = 2.0
2025-12-07 18:18:15,166 | INFO | fastapi-calculator | POST /divide -> 200 in 0.64ms
2025-12-07 18:18:15,169 | WARNING | fastapi-calculator | Divide by zero: a=1.0 b=0.0
2025-12-07 18:18:15,169 | INFO | fastapi-calculator | POST /divide -> 400 in 0.55ms
2025-12-07 18:18:15,414 | INFO | fastapi-calculator | POST /calculations -> 201 in 19.26ms
2025-12-07 18:18:15,423 | INFO | fastapi-calculator | GET /calculations -> 200 in 4.63ms
2025-12-07 18:18:15,437 | INFO | fastapi-calculator | POST /calculations -> 201 in 10.72ms
2025-12-07 18:18:15,447 | INFO | fastapi-calculator | GET /calculations/2 -> 200 in 7.19ms
2025-12-07 18:18:15,466 | INFO | fastapi-calculator | PUT /calculations/2 -> 200 in 15.25ms
2025-12-07 18:18:15,477 | INFO | fastapi-calculator | DELETE /calculations/2 -> 204 in 8.92ms
2025-12-07 18:18:15,484 | INFO | fastapi-calculator | GET /calculations/2 -> 404 in 3.83ms
2025-12-07 18:18:15,488 | INFO | fastapi-calculator | POST /calculations -> 422 in 1.16ms
2025-12-07 18:18:15,718 | INFO | fastapi-calculator | POST /users/register -> 201 in 30.64ms
2025-12-07 18:18:15,740 | INFO | fastapi-calculator | POST /users/login -> 200 in 18.42ms
2025-12-07 18:18:15,763 | INFO | fastapi-calculator | POST /users/login -> 401 in 18.54ms
2025-12-07 18:18:20,398 | INFO | fastapi-calculator | GET /health -> 200 in 0.85ms
2025-12-07 18:18:20,402 | INFO | fastapi-calculator | GET /health -> 200 in 0.39ms
2025-12-07 18:18:21,728 | INFO | fastapi-calculator | GET /register -> 200 in 0.71ms
2025-12-07 18:18:21,728 | INFO | fastapi-calculator | GET / -> 200 in 1.20ms
2025-12-07 18:18:21,736 | INFO | fastapi-calculator | GET /static/script.js -> 200 in 2.90ms
2025-12-07 18:18:21,737 | INFO | fastapi-calculator | GET /static/styles.css -> 200 in 3.05ms
2025-12-07 18:18:21,738 | INFO | fastapi-calculator | GET /static/auth.js -> 200 in 2.58ms
2025-12-07 18:18:21,793 | INFO | fastapi-calculator | GET /register -> 200 in 0.47ms
2025-12-07 18:18:21,800 | INFO | fastapi-calculator | GET /static/styles.css -> 200 in 2.10ms
2025-12-07 18:18:21,801 | INFO | fastapi-calculator | GET /static/auth.js -> 200 in 2.06ms
2025-12-07 18:18:21,844 | INFO | fastapi-calculator | Add: 10.0 + 4.0 = 14.0
2025-12-07 18:18:21,845 | INFO | fastapi-calculator | POST /add -> 200 in 1.26ms
2025-12-07 18:18:21,888 | INFO | fastapi-calculator | Subtract: 10.0 - 4.0 = 6.0
2025-12-07 18:18:21,889 | INFO | fastapi-calculator | POST /subtract -> 200 in 1.25ms
2025-12-07 18:18:22,021 | INFO | fastapi-calculator | Multiply: 10.0 * 4.0 = 40.0
2025-12-07 18:18:22,022 | INFO | fastapi-calculator | POST /multiply -> 200 in 1.23ms
2025-12-07 18:18:22,154 | INFO | fastapi-calculator | Divide: 10.0 / 4.0 = 2.5
2025-12-07 18:18:22,155 | INFO | fastapi-calculator | POST /divide -> 200 in 1.20ms
2025-12-07 18:22:58,168 | INFO | fastapi-calculator | GET /health -> 200 in 0.84ms
2025-12-07 18:22:58,174 | INFO | fastapi-calculator | GET /health -> 200 in 0.44ms
2025-12-07 18:22:59,905 | INFO | fastapi-calculator | GET /register -> 200 in 2.64ms
2025-12-07 18:22:59,906 | INFO | fastapi-calculator | GET /register -> 200 in 3.45ms
2025-12-07 18:22:59,906 | INFO | fastapi-calculator | GET / -> 200 in 4.01ms
2025-12-07 18:22:59,944 | INFO | fastapi-calculator | GET /static/auth.js -> 200 in 29.55ms
2025-12-07 18:22:59,945 | INFO | fastapi-calculator | GET /static/auth.js -> 200 in 30.49ms
2025-12-07 18:22:59,946 | INFO | fastapi-calculator | GET /static/styles.css -> 200 in 33.39ms
2025-12-07 18:22:59,946 | INFO | fastapi-calculator | GET /static/styles.css -> 200 in 34.58ms
2025-12-07 18:22:59,947 | INFO | fastapi-calculator | GET /static/script.js -> 200 in 34.56ms
2025-12-07 18:23:00,047 | INFO | fastapi-calculator | Add: 10.0 + 4.0 = 14.0
2025-12-07 18:23:00,047 | INFO | fastapi-calculator | POST /add -> 200 in 1.98ms
2025-12-07 18:23:00,090 | INFO | fastapi-calculator | GET /login -> 200 in 1.38ms
2025-12-07 18:23:00,097 | INFO | fastapi-calculator | Subtract: 10.0 - 4.0 = 6.0
2025-12-07 18:23:00,099 | INFO | fastapi-calculator | POST /subtract -> 200 in 2.36ms
2025-12-07 18:23:00,150 | INFO | fastapi-calculator | POST /register -> 201 in 70.20ms
2025-12-07 18:23:00,150 | INFO | fastapi-calculator | POST /register -> 201 in 71.21ms
2025-12-07 18:23:00,200 | INFO | fastapi-calculator | GET /login -> 200 in 0.29ms
2025-12-07 18:23:00,228 | INFO | fastapi-calculator | Multiply: 10.0 * 4.0 = 40.0
2025-12-07 18:23:00,229 | INFO | fastapi-calculator | POST /multiply -> 200 in 1.99ms
2025-12-07 18:23:00,359 | INFO | fastapi-calculator | Divide: 10.0 / 4.0 = 2.5
2025-12-07 18:23:00,360 | INFO | fastapi-calculator | POST /divide -> 200 in 1.48ms
2025-12-07 18:23:30,400 | INFO | fastapi-calculator | GET /register -> 200 in 0.43ms
2025-12-07 18:23:30,406 | INFO | fastapi-calculator | GET /register -> 200 in 0.86ms
2025-12-07 18:23:30,409 | INFO | fastapi-calculator | GET /static/styles.css -> 200 in 3.12ms
2025-12-07 18:23:30,410 | INFO | fastapi-calculator | GET /static/auth.js -> 200 in 2.01ms
2025-12-07 18:23:30,413 | INFO | fastapi-calculator | GET /static/styles.css -> 200 in 2.01ms
2025-12-07 18:23:30,414 | INFO | fastapi-calculator | GET /static/auth.js -> 200 in 1.75ms
2025-12-07 18:23:30,535 | INFO | fastapi-calculator | GET /login -> 200 in 0.83ms
2025-12-07 18:23:30,535 | INFO | fastapi-calculator | GET /login -> 200 in 1.17ms
2025-12-07 18:23:30,538 | INFO | fastapi-calculator | POST /register -> 201 in 9.63ms
2025-12-07 18:23:30,561 | INFO | fastapi-calculator | POST /register -> 201 in 32.09ms
2025-12-07 18:27:21,973 | INFO | fastapi-calculator | GET /health -> 200 in 1.29ms
2025-12-07 18:27:21,978 | INFO | fastapi-calculator | Add: 2.0 + 3.0 = 5.0
2025-12-07 18:27:21,978 | INFO | fastapi-calculator | POST /add -> 200 in 1.33ms
2025-12-07 18:27:21,981 | INFO | fastapi-calculator | Subtract: 5.0 - 2.0 = 3.0
2025-12-07 18:27:21,982 | INFO | fastapi-calculator | POST /subtract -> 200 in 0.56ms
2025-12-07 18:27:21,986 | INFO | fastapi-calculator | Multiply: 3.0 * 4.0 = 12.0
2025-12-07 18:27:21,986 | INFO | fastapi-calculator | POST /multiply -> 200 in 0.97ms
2025-12-07 18:27:21,991 | INFO | fastapi-calculator | Divide: 8.0 / 4.0 = 2.0
2025-12-07 18:27:21,991 | INFO | fastapi-calculator | POST /divide -> 200 in 0.66ms
2025-12-07 18:27:21,995 | WARNING | fastapi-calculator | Divide by zero: a=1.0 b=0.0
2025-12-07 18:27:21,995 | INFO | fastapi-calculator | POST /divide -> 400 in 0.66ms
2025-12-07 18:27:22,239 | INFO | fastapi-calculator | POST /calculations -> 201 in 17.38ms
2025-12-07 18:27:22,250 | INFO | fastapi-calculator | GET /calculations -> 200 in 6.81ms
2025-12-07 18:27:22,272 | INFO | fastapi-calculator | POST /calculations -> 201 in 13.77ms
2025-12-07 18:27:22,282 | INFO | fastapi-calculator | GET /calculations/2 -> 200 in 6.84ms
2025-12-07 18:27:22,299 | INFO | fastapi-calculator | PUT /calculations/2 -> 200 in 14.21ms
2025-12-07 18:27:22,311 | INFO | fastapi-calculator | DELETE /calculations/2 -> 204 in 8.75ms
2025-12-07 18:27:22,317 | INFO | fastapi-calculator | GET /calculations/2 -> 404 in 3.64ms
2025-12-07 18:27:22,323 | INFO | fastapi-calculator | POST /calculations -> 422 in 1.33ms
2025-12-07 18:27:22,575 | INFO | fastapi-calculator | POST /users/register -> 201 in 31.65ms
2025-12-07 18:27:22,598 | INFO | fastapi-calculator | POST /users/login -> 200 in 19.28ms
2025-12-07 18:27:22,628 | INFO | fastapi-calculator | POST /users/login -> 401 in 23.98ms
2025-12-07 18:27:27,331 | INFO | fastapi-calculator | GET /health -> 200 in 1.05ms
2025-12-07 18:27:27,336 | INFO | fastapi-calculator | GET /health -> 200 in 0.55ms
2025-12-07 18:27:28,697 | INFO | fastapi-calculator | GET /register -> 200 in 0.68ms
2025-12-07 18:27:28,707 | INFO | fastapi-calculator | GET /static/styles.css -> 200 in 2.82ms
2025-12-07 18:27:28,709 | INFO | fastapi-calculator | GET /static/auth.js -> 200 in 3.84ms
2025-12-07 18:27:28,710 | INFO | fastapi-calculator | GET /register -> 200 in 1.47ms
2025-12-07 18:27:28,718 | INFO | fastapi-calculator | GET /static/auth.js -> 200 in 1.17ms
2025-12-07 18:27:28,719 | INFO | fastapi-calculator | GET /static/styles.css -> 200 in 2.93ms
2025-12-07 18:27:28,723 | INFO | fastapi-calculator | GET / -> 200 in 0.52ms
2025-12-07 18:27:28,733 | INFO | fastapi-calculator | GET /static/script.js -> 200 in 1.43ms
2025-12-07 18:27:28,837 | INFO | fastapi-calculator | Add: 10.0 + 4.0 = 14.0
2025-12-07 18:27:28,838 | INFO | fastapi-calculator | POST /add -> 200 in 1.27ms
2025-12-07 18:27:28,862 | INFO | fastapi-calculator | GET /login -> 200 in 0.72ms
2025-12-07 18:27:28,865 | INFO | fastapi-calculator | POST /register -> ERR in 9.61ms
2025-12-07 18:27:28,865 | INFO | fastapi-calculator | POST /register -> ERR in 10.72ms
2025-12-07 18:27:28,896 | INFO | fastapi-calculator | Subtract: 10.0 - 4.0 = 6.0
2025-12-07 18:27:28,897 | INFO | fastapi-calculator | POST /subtract -> 200 in 1.01ms
2025-12-07 18:27:29,033 | INFO | fastapi-calculator | Multiply: 10.0 * 4.0 = 40.0
2025-12-07 18:27:29,033 | INFO | fastapi-calculator | POST /multiply -> 200 in 1.13ms
2025-12-07 18:27:29,182 | INFO | fastapi-calculator | Divide: 10.0 / 4.0 = 2.5
2025-12-07 18:27:29,183 | INFO | fastapi-calculator | POST /divide -> 200 in 1.49ms
2025-12-07 18:27:34,953 | INFO | fastapi-calculator | GET /register -> 200 in 0.41ms
2025-12-07 18:27:34,959 | INFO | fastapi-calculator | GET /static/styles.css -> 200 in 2.64ms
2025-12-07 18:27:34,960 | INFO | fastapi-calculator | GET /static/auth.js -> 200 in 1.67ms
2025-12-07 18:27:35,094 | INFO | fastapi-calculator | GET /login -> 200 in 0.46ms
2025-12-07 18:27:35,096 | INFO | fastapi-calculator | POST /register -> ERR in 10.25ms
2025-12-07 18:28:00,874 | INFO | fastapi-calculator | GET /health -> 200 in 0.56ms
2025-12-07 18:28:00,878 | INFO | fastapi-calculator | GET /health -> 200 in 0.41ms
2025-12-07 18:28:02,075 | INFO | fastapi-calculator | GET /register -> 200 in 0.75ms
2025-12-07 18:28:02,086 | INFO | fastapi-calculator | GET /static/styles.css -> 200 in 2.75ms
2025-12-07 18:28:02,087 | INFO | fastapi-calculator | GET /static/auth.js -> 200 in 2.45ms
2025-12-07 18:28:02,092 | INFO | fastapi-calculator | GET /register -> 200 in 0.78ms
2025-12-07 18:28:02,102 | INFO | fastapi-calculator | GET / -> 200 in 0.73ms
2025-12-07 18:28:02,103 | INFO | fastapi-calculator | GET /static/styles.css -> 200 in 3.91ms
2025-12-07 18:28:02,104 | INFO | fastapi-calculator | GET /static/auth.js -> 200 in 3.56ms
2025-12-07 18:28:02,110 | INFO | fastapi-calculator | GET /static/script.js -> 200 in 1.40ms
2025-12-07 18:28:02,237 | INFO | fastapi-calculator | Add: 10.0 + 4.0 = 14.0
2025-12-07 18:28:02,238 | INFO | fastapi-calculator | POST /add -> 200 in 1.51ms
2025-12-07 18:28:02,257 | INFO | fastapi-calculator | POST /register -> 201 in 38.21ms
2025-12-07 18:28:02,261 | INFO | fastapi-calculator | GET /login -> 200 in 0.50ms
2025-12-07 18:28:02,288 | INFO | fastapi-calculator | POST /register -> 201 in 35.35ms
2025-12-07 18:28:02,299 | INFO | fastapi-calculator | Subtract: 10.0 - 4.0 = 6.0
2025-12-07 18:28:02,299 | INFO | fastapi-calculator | POST /subtract -> 200 in 1.14ms
2025-12-07 18:28:02,349 | INFO | fastapi-calculator | GET /login -> 200 in 0.27ms
2025-12-07 18:28:02,449 | INFO | fastapi-calculator | Multiply: 10.0 * 4.0 = 40.0
2025-12-07 18:28:02,449 | INFO | fastapi-calculator | POST /multiply -> 200 in 1.00ms
2025-12-07 18:28:02,580 | INFO | fastapi-calculator | Divide: 10.0 / 4.0 = 2.5
2025-12-07 18:28:02,580 | INFO | fastapi-calculator | POST /divide -> 200 in 1.10ms
2025-12-07 18:28:30,281 | INFO | fastapi-calculator | GET /register -> 200 in 0.61ms
2025-12-07 18:28:30,295 | INFO | fastapi-calculator | GET /static/styles.css -> 304 in 1.48ms
2025-12-07 18:28:33,434 | INFO | fastapi-calculator | GET /register -> 200 in 0.77ms
2025-12-07 18:28:33,444 | INFO | fastapi-calculator | GET /static/styles.css -> 200 in 2.46ms
2025-12-07 18:28:33,445 | INFO | fastapi-calculator | GET /static/auth.js -> 200 in 2.91ms
2025-12-07 18:28:33,506 | INFO | fastapi-calculator | GET /register -> 200 in 0.55ms
2025-12-07 18:28:33,514 | INFO | fastapi-calculator | GET /static/styles.css -> 200 in 2.14ms
2025-12-07 18:28:33,515 | INFO | fastapi-calculator | GET /static/auth.js -> 200 in 2.43ms
2025-12-07 18:28:33,611 | INFO | fastapi-calculator | POST /register -> 201 in 7.51ms
2025-12-07 18:28:33,614 | INFO | fastapi-calculator | GET /login -> 200 in 0.50ms
2025-12-07 18:28:33,658 | INFO | fastapi-calculator | GET /login -> 200 in 0.27ms
2025-12-07 18:28:33,685 | INFO | fastapi-calculator | POST /register -> 201 in 33.74ms
2025-12-07 18:28:34,347 | INFO | fastapi-calculator | GET /.well-known/appspecific/com.chrome.devtools.json -> 404 in 0.43ms
2025-12-07 18:33:11,107 | INFO | fastapi-calculator | GET /health -> 200 in 0.81ms
2025-12-07 18:33:11,112 | INFO | fastapi-calculator | GET /health -> 200 in 0.39ms
2025-12-07 18:33:12,355 | INFO | fastapi-calculator | GET /register -> 200 in 0.60ms
2025-12-07 18:33:12,365 | INFO | fastapi-calculator | GET /static/styles.css -> 200 in 2.45ms
2025-12-07 18:33:12,366 | INFO | fastapi-calculator | GET /static/auth.js -> 200 in 2.82ms
2025-12-07 18:33:12,416 | INFO | fastapi-calculator | GET / -> 200 in 1.14ms
2025-12-07 18:33:12,418 | INFO | fastapi-calculator | GET /register -> 200 in 0.54ms
2025-12-07 18:33:12,425 | INFO | fastapi-calculator | GET /static/script.js -> 200 in 2.26ms
2025-12-07 18:33:12,430 | INFO | fastapi-calculator | GET /static/styles.css -> 200 in 5.00ms
2025-12-07 18:33:12,432 | INFO | fastapi-calculator | GET /static/auth.js -> 200 in 2.87ms
2025-12-07 18:33:12,547 | INFO | fastapi-calculator | POST /register -> 201 in 7.54ms
2025-12-07 18:33:12,557 | INFO | fastapi-calculator | GET /login -> 200 in 0.78ms
2025-12-07 18:33:12,559 | INFO | fastapi-calculator | Add: 10.0 + 4.0 = 14.0
2025-12-07 18:33:12,559 | INFO | fastapi-calculator | POST /add -> 200 in 1.88ms
2025-12-07 18:33:12,596 | INFO | fastapi-calculator | GET /login -> 200 in 0.61ms
2025-12-07 18:33:12,598 | INFO | fastapi-calculator | POST /register -> 201 in 7.44ms
2025-12-07 18:33:12,604 | INFO | fastapi-calculator | Subtract: 10.0 - 4.0 = 6.0
2025-12-07 18:33:12,604 | INFO | fastapi-calculator | POST /subtract -> 200 in 1.25ms
2025-12-07 18:33:12,638 | INFO | fastapi-calculator | /login attempt email=e2e_user@example.com
2025-12-07 18:33:12,655 | INFO | fastapi-calculator | /login: success for user_id=1
2025-12-07 18:33:12,658 | INFO | fastapi-calculator | POST /login -> 200 in 22.59ms
2025-12-07 18:33:12,734 | INFO | fastapi-calculator | Multiply: 10.0 * 4.0 = 40.0
2025-12-07 18:33:12,734 | INFO | fastapi-calculator | POST /multiply -> 200 in 1.04ms
2025-12-07 18:33:12,818 | INFO | fastapi-calculator | GET /register -> 200 in 0.48ms
2025-12-07 18:33:12,823 | INFO | fastapi-calculator | GET /static/styles.css -> 200 in 1.49ms
2025-12-07 18:33:12,824 | INFO | fastapi-calculator | GET /static/auth.js -> 200 in 1.67ms
2025-12-07 18:33:12,868 | INFO | fastapi-calculator | Divide: 10.0 / 4.0 = 2.5
2025-12-07 18:33:12,869 | INFO | fastapi-calculator | POST /divide -> 200 in 1.40ms
2025-12-07 18:33:12,926 | INFO | fastapi-calculator | POST /register -> 201 in 6.48ms
2025-12-07 18:33:12,928 | INFO | fastapi-calculator | GET /login -> 200 in 0.27ms
2025-12-07 18:33:12,988 | INFO | fastapi-calculator | /login attempt email=e2e_user_negative@example.com
2025-12-07 18:33:13,006 | WARNING | fastapi-calculator | /login: bad password for user_id=3
2025-12-07 18:33:13,009 | INFO | fastapi-calculator | POST /login -> 401 in 22.52ms
2025-12-07 18:33:43,313 | INFO | fastapi-calculator | GET /register -> 200 in 0.48ms
2025-12-07 18:33:43,321 | INFO | fastapi-calculator | GET /static/styles.css -> 200 in 2.30ms
2025-12-07 18:33:43,322 | INFO | fastapi-calculator | GET /static/auth.js -> 200 in 2.15ms
2025-12-07 18:33:43,443 | INFO | fastapi-calculator | GET /login -> 200 in 0.37ms
2025-12-07 18:33:43,445 | INFO | fastapi-calculator | POST /register -> 201 in 7.60ms
2025-12-07 18:34:03,657 | INFO | fastapi-calculator | GET /calculations -> 200 in 8.12ms
2025-12-07 18:34:03,683 | INFO | fastapi-calculator | GET /.well-known/appspecific/com.chrome.devtools.json -> 404 in 0.60ms
2025-12-07 18:34:08,188 | INFO | fastapi-calculator | GET /calculations-ui -> 200 in 1.95ms
2025-12-07 18:34:08,214 | INFO | fastapi-calculator | GET /.well-known/appspecific/com.chrome.devtools.json -> 404 in 0.27ms
2025-12-07 18:34:08,223 | INFO | fastapi-calculator | GET /static/calculations.js -> 304 in 1.87ms
2025-12-07 18:34:08,291 | INFO | fastapi-calculator | GET /calculations -> 200 in 6.15ms
2025-12-07 18:34:28,542 | INFO | fastapi-calculator | GET /health -> 200 in 0.53ms
2025-12-07 18:34:28,546 | INFO | fastapi-calculator | GET /health -> 200 in 0.39ms
2025-12-07 18:34:29,833 | INFO | fastapi-calculator | GET /register -> 200 in 0.77ms
2025-12-07 18:34:29,833 | INFO | fastapi-calculator | GET /register -> 200 in 1.28ms
2025-12-07 18:34:29,841 | INFO | fastapi-calculator | GET / -> 200 in 1.61ms
2025-12-07 18:34:29,845 | INFO | fastapi-calculator | GET /static/styles.css -> 200 in 6.90ms
2025-12-07 18:34:29,846 | INFO | fastapi-calculator | GET /static/auth.js -> 200 in 6.89ms
2025-12-07 18:34:29,847 | INFO | fastapi-calculator | GET /static/styles.css -> 200 in 7.58ms
2025-12-07 18:34:29,849 | INFO | fastapi-calculator | GET /static/auth.js -> 200 in 5.87ms
2025-12-07 18:34:29,852 | INFO | fastapi-calculator | GET /static/script.js -> 200 in 3.29ms
2025-12-07 18:34:29,952 | INFO | fastapi-calculator | Add: 10.0 + 4.0 = 14.0
2025-12-07 18:34:29,952 | INFO | fastapi-calculator | POST /add -> 200 in 1.28ms
2025-12-07 18:34:29,992 | INFO | fastapi-calculator | GET /login -> 200 in 0.43ms
2025-12-07 18:34:29,995 | INFO | fastapi-calculator | POST /register -> 201 in 8.39ms
2025-12-07 18:34:29,996 | INFO | fastapi-calculator | POST /register -> 201 in 9.82ms
2025-12-07 18:34:30,002 | INFO | fastapi-calculator | Subtract: 10.0 - 4.0 = 6.0
2025-12-07 18:34:30,003 | INFO | fastapi-calculator | POST /subtract -> 200 in 1.56ms
2025-12-07 18:34:30,006 | INFO | fastapi-calculator | GET /login -> 200 in 0.27ms
2025-12-07 18:34:30,066 | INFO | fastapi-calculator | /login attempt email=e2e_user@example.com
2025-12-07 18:34:30,083 | INFO | fastapi-calculator | /login: success for user_id=1
2025-12-07 18:34:30,086 | INFO | fastapi-calculator | POST /login -> 200 in 20.78ms
2025-12-07 18:34:30,131 | INFO | fastapi-calculator | Multiply: 10.0 * 4.0 = 40.0
2025-12-07 18:34:30,131 | INFO | fastapi-calculator | POST /multiply -> 200 in 0.93ms
2025-12-07 18:34:30,249 | INFO | fastapi-calculator | GET /register -> 200 in 0.54ms
2025-12-07 18:34:30,256 | INFO | fastapi-calculator | GET /static/styles.css -> 200 in 1.41ms
2025-12-07 18:34:30,257 | INFO | fastapi-calculator | GET /static/auth.js -> 200 in 1.61ms
2025-12-07 18:34:30,266 | INFO | fastapi-calculator | Divide: 10.0 / 4.0 = 2.5
2025-12-07 18:34:30,267 | INFO | fastapi-calculator | POST /divide -> 200 in 1.26ms
2025-12-07 18:34:30,358 | INFO | fastapi-calculator | POST /register -> 201 in 6.86ms
2025-12-07 18:34:30,360 | INFO | fastapi-calculator | GET /login -> 200 in 0.26ms
2025-12-07 18:34:30,436 | INFO | fastapi-calculator | /login attempt email=e2e_user_negative@example.com
2025-12-07 18:34:30,453 | WARNING | fastapi-calculator | /login: bad password for user_id=3
2025-12-07 18:34:30,456 | INFO | fastapi-calculator | POST /login -> 401 in 21.33ms
2025-12-07 18:35:00,835 | INFO | fastapi-calculator | GET /register -> 200 in 0.49ms
2025-12-07 18:35:00,843 | INFO | fastapi-calculator | GET /static/styles.css -> 200 in 2.69ms
2025-12-07 18:35:00,844 | INFO | fastapi-calculator | GET /static/auth.js -> 200 in 2.15ms
2025-12-07 18:35:00,974 | INFO | fastapi-calculator | GET /login -> 200 in 0.90ms
2025-12-07 18:35:00,977 | INFO | fastapi-calculator | POST /register -> 201 in 8.72ms
2025-12-07 18:35:48,011 | INFO | fastapi-calculator | GET /health -> 200 in 0.86ms
2025-12-07 18:35:48,016 | INFO | fastapi-calculator | GET /health -> 200 in 0.55ms
2025-12-07 18:35:49,319 | INFO | fastapi-calculator | GET /register -> 200 in 0.68ms
2025-12-07 18:35:49,321 | INFO | fastapi-calculator | GET / -> 200 in 0.45ms
2025-12-07 18:35:49,328 | INFO | fastapi-calculator | GET /static/styles.css -> 200 in 3.03ms
2025-12-07 18:35:49,329 | INFO | fastapi-calculator | GET /static/auth.js -> 200 in 2.82ms
2025-12-07 18:35:49,330 | INFO | fastapi-calculator | GET /static/script.js -> 200 in 3.16ms
2025-12-07 18:35:49,379 | INFO | fastapi-calculator | GET /register -> 200 in 0.54ms
2025-12-07 18:35:49,387 | INFO | fastapi-calculator | GET /static/styles.css -> 200 in 2.18ms
2025-12-07 18:35:49,388 | INFO | fastapi-calculator | GET /static/auth.js -> 200 in 2.15ms
2025-12-07 18:35:49,449 | INFO | fastapi-calculator | Add: 10.0 + 4.0 = 14.0
2025-12-07 18:35:49,450 | INFO | fastapi-calculator | POST /add -> 200 in 1.23ms
2025-12-07 18:35:49,476 | INFO | fastapi-calculator | POST /register -> 201 in 7.46ms
2025-12-07 18:35:49,487 | INFO | fastapi-calculator | GET /login -> 200 in 0.47ms
2025-12-07 18:35:49,500 | INFO | fastapi-calculator | Subtract: 10.0 - 4.0 = 6.0
2025-12-07 18:35:49,501 | INFO | fastapi-calculator | POST /subtract -> 200 in 1.81ms
2025-12-07 18:35:49,542 | INFO | fastapi-calculator | POST /register -> 201 in 7.92ms
2025-12-07 18:35:49,543 | INFO | fastapi-calculator | GET /login -> 200 in 0.32ms
2025-12-07 18:35:49,548 | INFO | fastapi-calculator | Multiply: 10.0 * 4.0 = 40.0
2025-12-07 18:35:49,549 | INFO | fastapi-calculator | POST /multiply -> 200 in 1.20ms
2025-12-07 18:35:49,583 | INFO | fastapi-calculator | /login attempt email=e2e_user@example.com
2025-12-07 18:35:49,604 | INFO | fastapi-calculator | /login: success for user_id=1
2025-12-07 18:35:49,607 | INFO | fastapi-calculator | POST /login -> 200 in 24.94ms
2025-12-07 18:35:49,630 | INFO | fastapi-calculator | /login attempt email=e2e_calc_user@example.com
2025-12-07 18:35:49,646 | INFO | fastapi-calculator | /login: success for user_id=2
2025-12-07 18:35:49,648 | INFO | fastapi-calculator | POST /login -> 200 in 19.56ms
2025-12-07 18:35:49,678 | INFO | fastapi-calculator | Divide: 10.0 / 4.0 = 2.5
2025-12-07 18:35:49,678 | INFO | fastapi-calculator | POST /divide -> 200 in 0.97ms
2025-12-07 18:35:49,749 | INFO | fastapi-calculator | GET /calculations-ui -> 200 in 0.47ms
2025-12-07 18:35:49,754 | INFO | fastapi-calculator | GET /static/calculations.js -> 200 in 1.13ms
2025-12-07 18:35:49,768 | INFO | fastapi-calculator | GET /register -> 200 in 0.38ms
2025-12-07 18:35:49,773 | INFO | fastapi-calculator | GET /static/styles.css -> 200 in 1.46ms
2025-12-07 18:35:49,774 | INFO | fastapi-calculator | GET /static/auth.js -> 200 in 1.84ms
2025-12-07 18:35:49,793 | INFO | fastapi-calculator | GET /calculations -> 200 in 6.52ms
2025-12-07 18:35:49,953 | INFO | fastapi-calculator | POST /register -> 201 in 13.40ms
2025-12-07 18:35:49,954 | INFO | fastapi-calculator | GET /login -> 200 in 1.42ms
2025-12-07 18:35:49,957 | INFO | fastapi-calculator | POST /calculations -> 201 in 30.56ms
2025-12-07 18:35:49,973 | INFO | fastapi-calculator | GET /calculations -> 200 in 9.82ms
2025-12-07 18:35:50,073 | INFO | fastapi-calculator | /login attempt email=e2e_user_negative@example.com
2025-12-07 18:35:50,091 | WARNING | fastapi-calculator | /login: bad password for user_id=3
2025-12-07 18:35:50,093 | INFO | fastapi-calculator | POST /login -> 401 in 22.04ms
2025-12-07 18:35:56,008 | INFO | fastapi-calculator | GET /register -> 200 in 0.48ms
2025-12-07 18:35:56,014 | INFO | fastapi-calculator | GET /static/styles.css -> 200 in 1.73ms
2025-12-07 18:35:56,015 | INFO | fastapi-calculator | GET /static/auth.js -> 200 in 1.75ms
2025-12-07 18:35:56,137 | INFO | fastapi-calculator | GET /login -> 200 in 0.35ms
2025-12-07 18:35:56,138 | INFO | fastapi-calculator | POST /register -> 201 in 6.85ms
2025-12-07 18:35:56,213 | INFO | fastapi-calculator | /login attempt email=e2e_calc_user@example.com
2025-12-07 18:35:56,231 | INFO | fastapi-calculator | /login: success for user_id=2
2025-12-07 18:35:56,234 | INFO | fastapi-calculator | POST /login -> 200 in 22.19ms
2025-12-07 18:35:56,343 | INFO | fastapi-calculator | GET /calculations-ui -> 200 in 0.41ms
2025-12-07 18:35:56,348 | INFO | fastapi-calculator | GET /static/calculations.js -> 200 in 0.94ms
2025-12-07 18:35:56,358 | INFO | fastapi-calculator | GET /calculations -> 200 in 5.17ms
2025-12-07 18:35:56,450 | INFO | fastapi-calculator | POST /calculations -> 422 in 1.55ms
2025-12-07 18:36:40,572 | INFO | fastapi-calculator | POST /calculations -> 201 in 28.15ms
2025-12-07 18:36:40,585 | INFO | fastapi-calculator | GET /calculations -> 200 in 6.81ms
2025-12-07 18:36:44,607 | INFO | fastapi-calculator | DELETE /calculations/2 -> 204 in 13.23ms
2025-12-07 18:36:44,619 | INFO | fastapi-calculator | GET /calculations -> 200 in 7.19ms
2025-12-07 18:37:19,259 | INFO | fastapi-calculator | GET /health -> 200 in 0.65ms
2025-12-07 18:37:19,265 | INFO | fastapi-calculator | GET /health -> 200 in 0.44ms
2025-12-07 18:37:20,578 | INFO | fastapi-calculator | GET /register -> 200 in 0.73ms
2025-12-07 18:37:20,591 | INFO | fastapi-calculator | GET /static/styles.css -> 200 in 3.33ms
2025-12-07 18:37:20,592 | INFO | fastapi-calculator | GET /static/auth.js -> 200 in 3.58ms
2025-12-07 18:37:20,628 | INFO | fastapi-calculator | GET / -> 200 in 0.88ms
2025-12-07 18:37:20,641 | INFO | fastapi-calculator | GET /static/script.js -> 200 in 1.95ms
2025-12-07 18:37:20,650 | INFO | fastapi-calculator | GET /register -> 200 in 0.77ms
2025-12-07 18:37:20,661 | INFO | fastapi-calculator | GET /static/styles.css -> 200 in 3.48ms
2025-12-07 18:37:20,663 | INFO | fastapi-calculator | GET /static/auth.js -> 200 in 3.52ms
2025-12-07 18:37:20,780 | INFO | fastapi-calculator | Add: 10.0 + 4.0 = 14.0
2025-12-07 18:37:20,780 | INFO | fastapi-calculator | POST /add -> 200 in 1.39ms
2025-12-07 18:37:20,786 | INFO | fastapi-calculator | GET /login -> 200 in 0.91ms
2025-12-07 18:37:20,790 | INFO | fastapi-calculator | POST /register -> 201 in 11.18ms
2025-12-07 18:37:20,822 | INFO | fastapi-calculator | POST /register -> 201 in 7.31ms
2025-12-07 18:37:20,830 | INFO | fastapi-calculator | Subtract: 10.0 - 4.0 = 6.0
2025-12-07 18:37:20,831 | INFO | fastapi-calculator | POST /subtract -> 200 in 2.21ms
2025-12-07 18:37:20,839 | INFO | fastapi-calculator | GET /login -> 200 in 0.70ms
2025-12-07 18:37:20,878 | INFO | fastapi-calculator | Multiply: 10.0 * 4.0 = 40.0
2025-12-07 18:37:20,879 | INFO | fastapi-calculator | POST /multiply -> 200 in 1.88ms
2025-12-07 18:37:20,880 | INFO | fastapi-calculator | /login attempt email=e2e_calc_user@example.com
2025-12-07 18:37:20,901 | INFO | fastapi-calculator | /login: success for user_id=2
2025-12-07 18:37:20,904 | INFO | fastapi-calculator | POST /login -> 200 in 26.80ms
2025-12-07 18:37:20,927 | INFO | fastapi-calculator | /login attempt email=e2e_user@example.com
2025-12-07 18:37:20,945 | INFO | fastapi-calculator | /login: success for user_id=1
2025-12-07 18:37:20,948 | INFO | fastapi-calculator | POST /login -> 200 in 22.06ms
2025-12-07 18:37:21,008 | INFO | fastapi-calculator | Divide: 10.0 / 4.0 = 2.5
2025-12-07 18:37:21,008 | INFO | fastapi-calculator | POST /divide -> 200 in 1.12ms
2025-12-07 18:37:21,014 | INFO | fastapi-calculator | GET /calculations-ui -> 200 in 0.45ms
2025-12-07 18:37:21,019 | INFO | fastapi-calculator | GET /static/calculations.js -> 200 in 1.17ms
2025-12-07 18:37:21,041 | INFO | fastapi-calculator | GET /calculations -> 200 in 6.60ms
2025-12-07 18:37:21,130 | INFO | fastapi-calculator | GET /register -> 200 in 0.88ms
2025-12-07 18:37:21,139 | INFO | fastapi-calculator | GET /static/styles.css -> 200 in 2.86ms
2025-12-07 18:37:21,140 | INFO | fastapi-calculator | GET /static/auth.js -> 200 in 3.19ms
2025-12-07 18:37:21,161 | INFO | fastapi-calculator | POST /calculations -> 201 in 33.07ms
2025-12-07 18:37:21,177 | INFO | fastapi-calculator | GET /calculations -> 200 in 10.33ms
2025-12-07 18:37:21,285 | INFO | fastapi-calculator | POST /register -> 201 in 6.59ms
2025-12-07 18:37:21,287 | INFO | fastapi-calculator | GET /login -> 200 in 0.37ms
2025-12-07 18:37:21,327 | INFO | fastapi-calculator | PUT /calculations/1 -> 200 in 16.51ms
2025-12-07 18:37:21,335 | INFO | fastapi-calculator | GET /calculations -> 200 in 4.59ms
2025-12-07 18:37:21,361 | INFO | fastapi-calculator | /login attempt email=e2e_user_negative@example.com
2025-12-07 18:37:21,380 | WARNING | fastapi-calculator | /login: bad password for user_id=3
2025-12-07 18:37:21,382 | INFO | fastapi-calculator | POST /login -> 401 in 22.66ms
2025-12-07 18:37:27,623 | INFO | fastapi-calculator | GET /register -> 200 in 0.85ms
2025-12-07 18:37:27,630 | INFO | fastapi-calculator | GET /static/auth.js -> 200 in 0.95ms
2025-12-07 18:37:27,631 | INFO | fastapi-calculator | GET /static/styles.css -> 200 in 2.29ms
2025-12-07 18:37:27,752 | INFO | fastapi-calculator | GET /login -> 200 in 0.33ms
2025-12-07 18:37:27,753 | INFO | fastapi-calculator | POST /register -> 201 in 6.89ms
2025-12-07 18:37:27,828 | INFO | fastapi-calculator | /login attempt email=e2e_calc_user@example.com
2025-12-07 18:37:27,843 | INFO | fastapi-calculator | /login: success for user_id=2
2025-12-07 18:37:27,845 | INFO | fastapi-calculator | POST /login -> 200 in 18.84ms
2025-12-07 18:37:27,942 | INFO | fastapi-calculator | GET /calculations-ui -> 200 in 0.42ms
2025-12-07 18:37:27,947 | INFO | fastapi-calculator | GET /static/calculations.js -> 200 in 0.94ms
2025-12-07 18:37:27,955 | INFO | fastapi-calculator | GET /calculations -> 200 in 4.64ms
2025-12-07 18:37:28,044 | INFO | fastapi-calculator | POST /calculations -> 422 in 1.36ms
2025-12-07 18:39:19,136 | INFO | fastapi-calculator | GET /health -> 200 in 0.74ms
2025-12-07 18:39:19,141 | INFO | fastapi-calculator | GET /health -> 200 in 0.51ms
2025-12-07 18:39:20,487 | INFO | fastapi-calculator | GET /register -> 200 in 0.63ms
2025-12-07 18:39:20,496 | INFO | fastapi-calculator | GET /static/styles.css -> 200 in 2.64ms
2025-12-07 18:39:20,498 | INFO | fastapi-calculator | GET /static/auth.js -> 200 in 2.73ms
2025-12-07 18:39:20,505 | INFO | fastapi-calculator | GET /register -> 200 in 0.59ms
2025-12-07 18:39:20,519 | INFO | fastapi-calculator | GET / -> 200 in 6.11ms
2025-12-07 18:39:20,520 | INFO | fastapi-calculator | GET /static/styles.css -> 200 in 8.71ms
2025-12-07 18:39:20,521 | INFO | fastapi-calculator | GET /static/auth.js -> 200 in 3.39ms
2025-12-07 18:39:20,526 | INFO | fastapi-calculator | GET /static/script.js -> 200 in 1.26ms
2025-12-07 18:39:20,626 | INFO | fastapi-calculator | Add: 10.0 + 4.0 = 14.0
2025-12-07 18:39:20,626 | INFO | fastapi-calculator | POST /add -> 200 in 1.01ms
2025-12-07 18:39:20,646 | INFO | fastapi-calculator | GET /login -> 200 in 0.45ms
2025-12-07 18:39:20,648 | INFO | fastapi-calculator | POST /register -> 201 in 7.86ms
2025-12-07 18:39:20,665 | INFO | fastapi-calculator | POST /register -> 201 in 5.84ms
2025-12-07 18:39:20,673 | INFO | fastapi-calculator | Subtract: 10.0 - 4.0 = 6.0
2025-12-07 18:39:20,674 | INFO | fastapi-calculator | POST /subtract -> 200 in 1.35ms
2025-12-07 18:39:20,676 | INFO | fastapi-calculator | GET /login -> 200 in 0.24ms
2025-12-07 18:39:20,722 | INFO | fastapi-calculator | /login attempt email=e2e_calc_user@example.com
2025-12-07 18:39:20,738 | INFO | fastapi-calculator | /login: success for user_id=2
2025-12-07 18:39:20,740 | INFO | fastapi-calculator | POST /login -> 200 in 18.75ms
2025-12-07 18:39:20,755 | INFO | fastapi-calculator | /login attempt email=e2e_user@example.com
2025-12-07 18:39:20,771 | INFO | fastapi-calculator | /login: success for user_id=1
2025-12-07 18:39:20,773 | INFO | fastapi-calculator | POST /login -> 200 in 18.98ms
2025-12-07 18:39:20,804 | INFO | fastapi-calculator | Multiply: 10.0 * 4.0 = 40.0
2025-12-07 18:39:20,804 | INFO | fastapi-calculator | POST /multiply -> 200 in 1.03ms
2025-12-07 18:39:20,849 | INFO | fastapi-calculator | GET /calculations-ui -> 200 in 0.45ms
2025-12-07 18:39:20,855 | INFO | fastapi-calculator | GET /static/calculations.js -> 200 in 1.09ms
2025-12-07 18:39:20,865 | INFO | fastapi-calculator | GET /calculations -> 200 in 5.80ms
2025-12-07 18:39:20,939 | INFO | fastapi-calculator | Divide: 10.0 / 4.0 = 2.5
2025-12-07 18:39:20,939 | INFO | fastapi-calculator | POST /divide -> 200 in 1.40ms
2025-12-07 18:39:20,970 | INFO | fastapi-calculator | GET /register -> 200 in 0.56ms
2025-12-07 18:39:20,978 | INFO | fastapi-calculator | GET /static/styles.css -> 200 in 2.74ms
2025-12-07 18:39:20,979 | INFO | fastapi-calculator | GET /static/auth.js -> 200 in 2.64ms
2025-12-07 18:39:20,988 | INFO | fastapi-calculator | POST /calculations -> 201 in 15.79ms
2025-12-07 18:39:20,997 | INFO | fastapi-calculator | GET /calculations -> 200 in 5.23ms
2025-12-07 18:39:21,125 | INFO | fastapi-calculator | POST /register -> 201 in 12.45ms
2025-12-07 18:39:21,128 | INFO | fastapi-calculator | GET /login -> 200 in 0.51ms
2025-12-07 18:39:21,177 | INFO | fastapi-calculator | PUT /calculations/3 -> 200 in 18.94ms
2025-12-07 18:39:21,186 | INFO | fastapi-calculator | GET /calculations -> 200 in 6.01ms
2025-12-07 18:39:21,206 | INFO | fastapi-calculator | /login attempt email=e2e_user_negative@example.com
2025-12-07 18:39:21,224 | WARNING | fastapi-calculator | /login: bad password for user_id=3
2025-12-07 18:39:21,226 | INFO | fastapi-calculator | POST /login -> 401 in 21.24ms
2025-12-07 18:39:21,357 | INFO | fastapi-calculator | GET /register -> 200 in 0.99ms
2025-12-07 18:39:21,368 | INFO | fastapi-calculator | GET /static/styles.css -> 200 in 3.48ms
2025-12-07 18:39:21,369 | INFO | fastapi-calculator | GET /static/auth.js -> 200 in 2.90ms
2025-12-07 18:39:21,493 | INFO | fastapi-calculator | GET /login -> 200 in 0.61ms
2025-12-07 18:39:21,494 | INFO | fastapi-calculator | POST /register -> 201 in 7.33ms
2025-12-07 18:39:21,554 | INFO | fastapi-calculator | /login attempt email=e2e_calc_user@example.com
2025-12-07 18:39:21,570 | INFO | fastapi-calculator | /login: success for user_id=2
2025-12-07 18:39:21,573 | INFO | fastapi-calculator | POST /login -> 200 in 19.33ms
2025-12-07 18:39:21,678 | INFO | fastapi-calculator | GET /calculations-ui -> 200 in 0.43ms
2025-12-07 18:39:21,683 | INFO | fastapi-calculator | GET /static/calculations.js -> 200 in 1.02ms
2025-12-07 18:39:21,703 | INFO | fastapi-calculator | GET /calculations -> 200 in 5.00ms
2025-12-07 18:39:21,773 | INFO | fastapi-calculator | POST /calculations -> 422 in 1.54ms
2025-12-07 18:39:30,860 | INFO | fastapi-calculator | GET /health -> 200 in 1.02ms
2025-12-07 18:39:30,865 | INFO | fastapi-calculator | Add: 2.0 + 3.0 = 5.0
2025-12-07 18:39:30,865 | INFO | fastapi-calculator | POST /add -> 200 in 1.23ms
2025-12-07 18:39:30,869 | INFO | fastapi-calculator | Subtract: 5.0 - 2.0 = 3.0
2025-12-07 18:39:30,869 | INFO | fastapi-calculator | POST /subtract -> 200 in 0.73ms
2025-12-07 18:39:30,873 | INFO | fastapi-calculator | Multiply: 3.0 * 4.0 = 12.0
2025-12-07 18:39:30,873 | INFO | fastapi-calculator | POST /multiply -> 200 in 0.59ms
2025-12-07 18:39:30,878 | INFO | fastapi-calculator | Divide: 8.0 / 4.0 = 2.0
2025-12-07 18:39:30,878 | INFO | fastapi-calculator | POST /divide -> 200 in 0.63ms
2025-12-07 18:39:30,882 | WARNING | fastapi-calculator | Divide by zero: a=1.0 b=0.0
2025-12-07 18:39:30,882 | INFO | fastapi-calculator | POST /divide -> 400 in 0.70ms
2025-12-07 18:39:31,119 | INFO | fastapi-calculator | POST /calculations -> 201 in 12.55ms
2025-12-07 18:39:31,126 | INFO | fastapi-calculator | GET /calculations -> 200 in 3.94ms
2025-12-07 18:39:31,138 | INFO | fastapi-calculator | POST /calculations -> 201 in 9.30ms
2025-12-07 18:39:31,162 | INFO | fastapi-calculator | GET /calculations/2 -> 200 in 6.79ms
2025-12-07 18:39:31,177 | INFO | fastapi-calculator | PUT /calculations/2 -> 200 in 11.80ms
2025-12-07 18:39:31,188 | INFO | fastapi-calculator | DELETE /calculations/2 -> 204 in 8.44ms
2025-12-07 18:39:31,194 | INFO | fastapi-calculator | GET /calculations/2 -> 404 in 4.04ms
2025-12-07 18:39:31,199 | INFO | fastapi-calculator | POST /calculations -> 422 in 1.25ms
2025-12-07 18:39:31,445 | INFO | fastapi-calculator | POST /users/register -> 201 in 32.37ms
2025-12-07 18:39:31,470 | INFO | fastapi-calculator | POST /users/login -> 200 in 20.46ms
2025-12-07 18:39:31,495 | INFO | fastapi-calculator | POST /users/login -> 401 in 20.78ms
